-- If you are using Hibernate as the JPA provider, you can use this file to load seed data into the database using SQL statements
-- The portable approach is to use a startup component (such as the @PostConstruct method of a @Startup @Singleton)
INSERT scope (id, active, name) VALUES (1 , 1, 'OAUTH_ADMIN')
INSERT scope (id, active, name) VALUES (2 , 1, 'USER_MANAGEMENT')
INSERT scope (id, active, name) VALUES (3 , 1, 'CLIENT_MANAGEMENT')
INSERT scope (id, active, name) VALUES (20 , 1, 'BAM_3G')
INSERT scope (id, active, name) VALUES (21 , 1, 'BACKUP_AGENDA')
INSERT scope (id, active, name) VALUES (501 , 1, 'ACC_CLUB_PERSONAL')
INSERT scope (id, active, name) VALUES (502 , 1, 'ADM_ACC_CLUB_PERS')
INSERT scope (id, active, name) VALUES (503 , 1, 'ACC_REC_FACT')
INSERT scope (id, active, name) VALUES (504 , 1, 'ADM_ACC_REC_FACT')
INSERT scope (id, active, name) VALUES (505 , 1, 'ACC_REC_TARJETA')
INSERT scope (id, active, name) VALUES (506 , 1, 'ADM_ACC_REC_TARJ')
INSERT scope (id, active, name) VALUES (507 , 1, 'ACTIV_DEST_GRATIS')
INSERT scope (id, active, name) VALUES (508 , 1, 'ADM_ACTIV_DEST_GRAT')
INSERT scope (id, active, name) VALUES (509 , 1, 'ACTIV_HORARIO_REDUC')
INSERT scope (id, active, name) VALUES (510 , 1, 'ADM_ACTIV_HOR_REDUC')
INSERT scope (id, active, name) VALUES (511 , 1, 'ACTIV_IMOVIL')
INSERT scope (id, active, name) VALUES (512 , 1, 'ADM_ACTIV_IMOVIL')
INSERT scope (id, active, name) VALUES (513 , 1, 'ACTIV_IMP_FACT_ELEC')
INSERT scope (id, active, name) VALUES (514 , 1, 'ADM_ACTIV_IMP_FACT')
INSERT scope (id, active, name) VALUES (515 , 1, 'ACTIV_LINEA_NUEVA')
INSERT scope (id, active, name) VALUES (516 , 1, 'ADM_ACTIV_LINEA')
INSERT scope (id, active, name) VALUES (517 , 1, 'ACTIV_PACK')
INSERT scope (id, active, name) VALUES (518 , 1, 'ADM_ACTIV_PACK')
INSERT scope (id, active, name) VALUES (519 , 1, 'ACTIV_RECARGA_FACT')
INSERT scope (id, active, name) VALUES (520 , 1, 'ADM_ACTIV_RECARGA')
INSERT scope (id, active, name) VALUES (521 , 1, 'ACTIV_ROAMING')
INSERT scope (id, active, name) VALUES (522 , 1, 'ADM_ACTIV_ROAMING')
INSERT scope (id, active, name) VALUES (523 , 1, 'ACTIV_SEC_PERSONAL')
INSERT scope (id, active, name) VALUES (524 , 1, 'ADM_ACTIV_SEC_PERS')
INSERT scope (id, active, name) VALUES (525 , 1, 'ACTIV_TRANS_LLAMADAS')
INSERT scope (id, active, name) VALUES (526 , 1, 'ADM_ACTIV_TRANS_LLA')
INSERT scope (id, active, name) VALUES (527 , 1, 'ACTIV_TRANS_SALDO')
INSERT scope (id, active, name) VALUES (528 , 1, 'ADM_ACTIV_TRANS_SALD')
INSERT scope (id, active, name) VALUES (529 , 1, 'CONS_DATOS_LINEA')
INSERT scope (id, active, name) VALUES (530 , 1, 'ADM_CONS_DATOS_LINEA')
INSERT scope (id, active, name) VALUES (531 , 1, 'CONS_DET_CONSUMO')
INSERT scope (id, active, name) VALUES (532 , 1, 'ADM_CONS_DET_CONS')
INSERT scope (id, active, name) VALUES (533 , 1, 'CONS_EST_SOL')
INSERT scope (id, active, name) VALUES (534 , 1, 'ADM_CONS_EST_SOL')
INSERT scope (id, active, name) VALUES (535 , 1, 'CONS_FACTURAS')
INSERT scope (id, active, name) VALUES (536 , 1, 'ADM_CONS_FACTURAS')
INSERT scope (id, active, name) VALUES (537 , 1, 'CONS_FINANCIACIONES')
INSERT scope (id, active, name) VALUES (538 , 1, 'ADM_CONS_FINAN')
INSERT scope (id, active, name) VALUES (539 , 1, 'CONS_FORMS_DOCS')
INSERT scope (id, active, name) VALUES (540 , 1, 'ADM_CONS_FORM_DOC')
INSERT scope (id, active, name) VALUES (541 , 1, 'CONS_GRUPO_FACT')
INSERT scope (id, active, name) VALUES (542 , 1, 'ADM_CONS_GRUPO_FACT')
INSERT scope (id, active, name) VALUES (543 , 1, 'MODIF_ALIAS_MAIL')
INSERT scope (id, active, name) VALUES (544 , 1, 'ADM_MODIF_ALIAS_MAIL')
INSERT scope (id, active, name) VALUES (545 , 1, 'MODIF_BACKTONE')
INSERT scope (id, active, name) VALUES (546 , 1, 'ADM_MODIF_BACKTONE')
INSERT scope (id, active, name) VALUES (547 , 1, 'MODIF_DATOS_USUARIO')
INSERT scope (id, active, name) VALUES (548 , 1, 'ADM_MODIF_DATOS_USU')
INSERT scope (id, active, name) VALUES (549 , 1, 'MODIF_GRUPO_FACT')
INSERT scope (id, active, name) VALUES (550 , 1, 'ADM_MODIF_GRP_FACT')
INSERT scope (id, active, name) VALUES (551 , 1, 'MODIF_LIMITE_CONS')
INSERT scope (id, active, name) VALUES (552 , 1, 'ADM_MODIF_LIM_CONS')
INSERT scope (id, active, name) VALUES (553 , 1, 'MODIF_PLAN')
INSERT scope (id, active, name) VALUES (554 , 1, 'ADM_MODIF_PLAN')
INSERT scope (id, active, name) VALUES (555 , 1, 'MODIF_PLAN_INET')
INSERT scope (id, active, name) VALUES (556 , 1, 'ADM_MODIF_PLAN_INET')
INSERT scope (id, active, name) VALUES (557 , 1, 'MODIF_SUSP_HABILIT')
INSERT scope (id, active, name) VALUES (558 , 1, 'ADM_MODIF_SUSP_HAB')
INSERT scope (id, active, name) VALUES (559 , 1, 'MODIF_TERMINAL')
INSERT scope (id, active, name) VALUES (560 , 1, 'ADM_MODIF_TERMINAL')
INSERT scope (id, active, name) VALUES (561 , 1, 'PEDI_SALDO')
INSERT scope (id, active, name) VALUES (562 , 1, 'ADM_PEDI_SALDO')
INSERT scope (id, active, name) VALUES (563 , 1, 'PRESTA_SALDO')
INSERT scope (id, active, name) VALUES (564 , 1, 'ADM_PRESTA_SALDO')
INSERT scope (id, active, name) VALUES (565 , 1, 'RECARGA_FACT_OP')
INSERT scope (id, active, name) VALUES (566 , 1, 'ADM_RECARGA_OP')
INSERT scope (id, active, name) VALUES (567 , 1, 'ADMIN_NUCLEO')
INSERT scope (id, active, name) VALUES (568 , 1, 'APP_ADMIN')
INSERT scope (id, active, name) VALUES (569 , 1, 'APP_ADMIN_USU')
INSERT scope (id, active, name) VALUES (570 , 1, 'RECARGA_FAC_OP')
INSERT scope (id, active, name) VALUES (571 , 1, 'CONS_INF_EQUIPOS')
INSERT scope (id, active, name) VALUES (572 , 1, 'CONS_GRUP_FACT')
INSERT scope (id, active, name) VALUES (573 , 1, 'CONS_CONTRATO_PLAN')
INSERT scope (id, active, name) VALUES (574 , 1, 'LOGIN')

INSERT client (id, blockDate, blocked, clientId, description, exipresIn, name, resourceServer, secret, url) VALUES (1 , NULL, 0, '1tyykXjM/j8=', 'Servicio de Autenticacion y autorizacion.', 34560, 'Personal OAuth', 0, '+b+HpUoz3nSTJ5qpJNjuuFDu2iMPMl6Fsyaxx0/6VS9hc66kTzpfw2VUK4TskoQJ', 'http://www.personal.com.py/oauth2')
INSERT client (id, blockDate, blocked, clientId, description, exipresIn, name, resourceServer, secret, url) VALUES (2 , NULL, 0, '3kVfBA==', 'Personal REST API.', 34560, 'MiMundoAPI', 1, 'BjYu/3vNt/wyb8BEyl344HYg/M2S5W9w59rfZd8+tF+gXtyMDYQV9gjT70BzowL8', 'api.personal.com.py')
INSERT client (id, blockDate, blocked, clientId, description, exipresIn, name, resourceServer, secret, url) VALUES (3 , NULL, 0, 'TbEXNw==', 'Sitio oficial de autogestion de Personal Paraguay.', 34560, 'MiMundoWEB', 0, '3WI5szP2CPkswuLjGOSv1vctETvoVmoH6SCgJUpNdB6/aAzWu0cQA7QB8mBNbnme', 'http://localhost/mimundo/')
INSERT client (id, blockDate, blocked, clientId, description, exipresIn, name, resourceServer, secret, url) VALUES (4 , NULL, 0, '4kVfBA==', 'Portal cautivo', 34560, 'PortalCautivo', 0, 'BjYu/3vNt/wyb8BEyl344HYg/M2S5W9w59rfZd8+tF+gXtyMDYQV9gjT70BzowL8', 'http://asusisv-hajbdes1.sis.personal.net.py/mimundo/')
INSERT client (id, blockDate, blocked, clientId, description, exipresIn, name, resourceServer, secret, url) VALUES (5 , NULL, 0, '53ZSlzayPAw=', 'Servicio Backup Agenda.', 34560, 'Backup Agenda', 0, 'm824GmlbcHV1XobMEtATf4CF6XS5lf+wuwi/cTjKx/TsX1fiwraxPM/P+KgcWnpy', 'gemalto')
INSERT client (id, blockDate, blocked, clientId, description, exipresIn, name, resourceServer, secret, url) VALUES (6 , NULL, 0, '2dlQe8tWAEw=', 'Cliente para login con LDAP', 34560, 'LDAP Login', 0, 'ienyl+cC2DmNhaVqu4zENBVHH9E/vjbH2Y+hwRmnHd/enbwPJwODXghpe9DYdrgQ', 'http://asusisv-hajbdes1.sis.personal.net.py/mimundo/')

INSERT resource (id, name, url) VALUES (0 , 'token', '/token')
INSERT resource (id, name, url) VALUES (1 , 'user', '/users')
INSERT resource (id, name, url) VALUES (2 , 'client', '/clients')
INSERT resource (id, name, url) VALUES (3 , 'scope', '/scopes')
INSERT resource (id, name, url) VALUES (4 , 'configuration', '/configurations')
INSERT resource (id, name, url) VALUES (5 , 'resource', '/resources')
INSERT resource (id, name, url) VALUES (501 , NULL, '/antivirus')
INSERT resource (id, name, url) VALUES (502 , NULL, '/arma-tu-plan')
INSERT resource (id, name, url) VALUES (503 , NULL, '/atencion-al-cliente')
INSERT resource (id, name, url) VALUES (504 , NULL, '/backtones')
INSERT resource (id, name, url) VALUES (505 , NULL, '/banners')
INSERT resource (id, name, url) VALUES (506 , NULL, '/bienvenida')
INSERT resource (id, name, url) VALUES (507 , NULL, '/billetera')
INSERT resource (id, name, url) VALUES (508 , NULL, '/cacti')
INSERT resource (id, name, url) VALUES (509 , NULL, '/captchas')
INSERT resource (id, name, url) VALUES (510 , NULL, '/clientes')
INSERT resource (id, name, url) VALUES (511 , NULL, '/clubpersonal')
INSERT resource (id, name, url) VALUES (512 , NULL, '/configuraciones')
INSERT resource (id, name, url) VALUES (513 , NULL, '/configuraciones-wap')
INSERT resource (id, name, url) VALUES (514 , NULL, '/descargas-utiles')
INSERT resource (id, name, url) VALUES (515 , NULL, '/financiaciones')
INSERT resource (id, name, url) VALUES (516 , NULL, '/grupos-facturacion')
INSERT resource (id, name, url) VALUES (517 , NULL, '/lineas')
INSERT resource (id, name, url) VALUES (518 , NULL, '/menus')
INSERT resource (id, name, url) VALUES (519 , NULL, '/perfiles-consumo')
INSERT resource (id, name, url) VALUES (520 , NULL, '/personas')
INSERT resource (id, name, url) VALUES (521 , NULL, '/pines')
INSERT resource (id, name, url) VALUES (522 , NULL, '/portal-cautivo')
INSERT resource (id, name, url) VALUES (523 , NULL, '/sms')
INSERT resource (id, name, url) VALUES (524 , NULL, '/terminales')
INSERT resource (id, name, url) VALUES (525 , NULL, '/tickets')
INSERT resource (id, name, url) VALUES (526 , NULL, '/tooltips')
INSERT resource (id, name, url) VALUES (527 , NULL, '/transferencias')
INSERT resource (id, name, url) VALUES (528 , NULL, '/usuarios')
INSERT resource (id, name, url) VALUES (529 , NULL, '/validar-mail')
INSERT resource (id, name, url) VALUES (530 , NULL, '/webmail')
INSERT resource (id, name, url) VALUES (531 , NULL, '/xmsisdn')

INSERT action (id, active, httpMethod, name, publicAction, url, resourceId) VALUES (1 , 1, 'POST', 'Autenticar.', 0, '/auth/token', 0)
INSERT action (id, active, httpMethod, name, publicAction, url, resourceId) VALUES (2 , 1, 'POST', 'Validar Token.', 0, '/auth/token/validate', 0)
INSERT action (id, active, httpMethod, name, publicAction, url, resourceId) VALUES (3 , 1, 'POST', 'Crea un scope', 0, '/scopes', 3)
INSERT action (id, active, httpMethod, name, publicAction, url, resourceId) VALUES (4 , 1, 'PUT', 'Actualiza un scope', 0, '/scopes', 3)
INSERT action (id, active, httpMethod, name, publicAction, url, resourceId) VALUES (5 , 1, 'GET', 'Obtener scope basado en su nombre', 0, '/scopes/*', 3)
INSERT action (id, active, httpMethod, name, publicAction, url, resourceId) VALUES (6 , 1, 'DELETE', 'Elimina un scope', 0, '/scopes/*', 3)
INSERT action (id, active, httpMethod, name, publicAction, url, resourceId) VALUES (7 , 1, 'POST', 'Agregar acciones a un scope', 0, '/scopes/*/actions', 3)
INSERT action (id, active, httpMethod, name, publicAction, url, resourceId) VALUES (8 , 1, 'PUT', 'Actualizar acciones de un scope', 0, '/scopes/*/actions', 3)
INSERT action (id, active, httpMethod, name, publicAction, url, resourceId) VALUES (11 , 1, 'POST', 'Crear usuario.', 0, '/users', 1)
INSERT action (id, active, httpMethod, name, publicAction, url, resourceId) VALUES (12 , 1, 'PUT', 'Actualizar usuario.', 0, '/users', 1)
INSERT action (id, active, httpMethod, name, publicAction, url, resourceId) VALUES (13 , 1, 'DELETE', 'Eliminar usuario.', 0, '/users/*', 1)
INSERT action (id, active, httpMethod, name, publicAction, url, resourceId) VALUES (14 , 1, 'GET', 'Obtener usuario por nombre.', 0, '/users/*', 1)
INSERT action (id, active, httpMethod, name, publicAction, url, resourceId) VALUES (15 , 1, 'PUT', 'Activar usuario por nombre.', 0, '/users/*/activate', 1)
INSERT action (id, active, httpMethod, name, publicAction, url, resourceId) VALUES (16 , 1, 'PUT', 'Bloquear usuario por nombre.', 0, '/users/*/lock', 1)
INSERT action (id, active, httpMethod, name, publicAction, url, resourceId) VALUES (17 , 1, 'PUT', 'Desbloquear usuario por nombre.', 0, '/users/*/unlock', 1)
INSERT action (id, active, httpMethod, name, publicAction, url, resourceId) VALUES (18 , 1, 'POST', 'Agregar scopes a Usuario por cliente', 0, '/users/*/clients/*/scopes', 1)
INSERT action (id, active, httpMethod, name, publicAction, url, resourceId) VALUES (19 , 1, 'GET', 'Obtener scopes de Usuario por cliente.', 0, '/users/*/clients/*/scopes', 1)
INSERT action (id, active, httpMethod, name, publicAction, url, resourceId) VALUES (20 , 1, 'PUT', 'Actualizar scopes de Usuario por cliente.', 0, '/users/*/clients/*/scopes', 1)
INSERT action (id, active, httpMethod, name, publicAction, url, resourceId) VALUES (21 , 1, 'DELETE', 'Eliminar scopes de Usuario por cliente.', 0, '/users/*/clients/*/scopes', 1)
INSERT action (id, active, httpMethod, name, publicAction, url, resourceId) VALUES (23 , 1, 'POST', 'Crea permisos para el que una aplicacion ejectute una accion en nombre de un usuario.', 0, '/users/*/clients/*/actions', 1)
INSERT action (id, active, httpMethod, name, publicAction, url, resourceId) VALUES (24 , 1, 'POST', 'Asocia una cuenta de oauth con una cuenta externa.', 0, '/users/*/external-accounts', 1)
INSERT action (id, active, httpMethod, name, publicAction, url, resourceId) VALUES (25 , 1, 'PUT', 'Asocia una cuenta de oauth con una cuenta externa.', 0, '/users/*/external-accounts/delete', 1)
INSERT action (id, active, httpMethod, name, publicAction, url, resourceId) VALUES (26 , 1, 'POST', 'Genera un ticket para obtencion de msisdn ', 0, '/users/*/msisdn/ticket', 1)
INSERT action (id, active, httpMethod, name, publicAction, url, resourceId) VALUES (27 , 1, 'GET', 'Obtiene el msisdn que corresponde al token', 0, '/users/msisdn/ticket', 1)
INSERT action (id, active, httpMethod, name, publicAction, url, resourceId) VALUES (28 , 1, 'PUT', 'Actualiza la clave del usuario.', 0, '/users/*/password', 1)
INSERT action (id, active, httpMethod, name, publicAction, url, resourceId) VALUES (29 , 1, 'POST', 'Autentica al usuario en el webmail y lo redirecciona.', 0, '/users/*/webmail/login', 1)
INSERT action (id, active, httpMethod, name, publicAction, url, resourceId) VALUES (40 , 1, 'POST', 'Crear cliente.', 0, '/clients', 2)
INSERT action (id, active, httpMethod, name, publicAction, url, resourceId) VALUES (41 , 1, 'POST', 'Agregar roles a un cliente.', 0, '/clients/*/scopes', 2)
INSERT action (id, active, httpMethod, name, publicAction, url, resourceId) VALUES (42 , 1, 'PUT', 'Modifica los roles de un cliente.', 0, '/clients/*/scopes', 2)
INSERT action (id, active, httpMethod, name, publicAction, url, resourceId) VALUES (43 , 1, 'POST', 'Crea un registro de configuracion', 0, '/configurations', 4)
INSERT action (id, active, httpMethod, name, publicAction, url, resourceId) VALUES (44 , 1, 'PUT', 'Actualiza un registro de configuracion', 0, '/configurations/*', 4)
INSERT action (id, active, httpMethod, name, publicAction, url, resourceId) VALUES (45 , 1, 'DELETE', 'Elimina un registro de configuracion', 0, '/configurations/*', 4)
INSERT action (id, active, httpMethod, name, publicAction, url, resourceId) VALUES (46 , 1, 'GET', 'Recarga los registros de configuraciones', 0, '/configurations/reload', 4)
INSERT action (id, active, httpMethod, name, publicAction, url, resourceId) VALUES (47 , 1, 'POST', 'Crea un recurso nuevo', 0, '/resources', 5)
INSERT action (id, active, httpMethod, name, publicAction, url, resourceId) VALUES (48 , 1, 'PUT', 'Actualiza un recurso', 0, '/resources', 5)
INSERT action (id, active, httpMethod, name, publicAction, url, resourceId) VALUES (49 , 1, 'DELETE', 'Elimina un recurso', 0, '/resources/*', 5)
INSERT action (id, active, httpMethod, name, publicAction, url, resourceId) VALUES (50 , 1, 'POST', 'Crea una accion para el recurso dado.', 0, '/resources/*/actions', 5)
INSERT action (id, active, httpMethod, name, publicAction, url, resourceId) VALUES (51 , 1, 'POST', 'Elimina una accion de un recurso dado.', 0, '/resources/*/actions/*', 5)
INSERT action (id, active, httpMethod, name, publicAction, url, resourceId) VALUES (52 , 1, 'GET', 'Obtiene las acciones de un recurso', 0, '/resources/*/actions', 5)
INSERT action (id, active, httpMethod, name, publicAction, url, resourceId) VALUES (53 , 1, 'GET', 'Valida si la cuenta esta asociada.', 0, '/users/*/external-accounts/validate', 1)

INSERT action (id, active, httpMethod, name, publicAction, url, resourceId) VALUES (501 , 1, 'GET', 'Obtiene los paquetes de antivirus disponibles para el numero de linea.', 0, '/antivirus/antiviruses', 501)
INSERT action (id, active, httpMethod, name, publicAction, url, resourceId) VALUES (502 , 1, 'GET', 'Obtiene un paquete de antivirus disponible para el numero de linea.', 0, '/antivirus/antiviruses/*', 501)
INSERT action (id, active, httpMethod, name, publicAction, url, resourceId) VALUES (503 , 1, 'POST', 'Efectua la compra del antivirus para el numero de linea.', 0, '/antivirus/compras', 501)
INSERT action (id, active, httpMethod, name, publicAction, url, resourceId) VALUES (504 , 1, 'POST', 'Reenvia a Avira la clave correspondiente a la ultima compra realizada para el numero de linea.', 0, '/antivirus/reenvios', 501)
INSERT action (id, active, httpMethod, name, publicAction, url, resourceId) VALUES (505 , 1, 'GET', 'Obtiene la ultima compra realizada para el numero de linea.', 0, '/antivirus/ultima-compra', 501)
INSERT action (id, active, httpMethod, name, publicAction, url, resourceId) VALUES (506 , 1, 'POST', 'Activacion de lineas corporativas.', 0, '/arma-tu-plan/activacion-lineas/corporativo', 502)
INSERT action (id, active, httpMethod, name, publicAction, url, resourceId) VALUES (507 , 1, 'POST', 'Activacion de lineas individuales.', 0, '/arma-tu-plan/activacion-lineas/individual', 502)
INSERT action (id, active, httpMethod, name, publicAction, url, resourceId) VALUES (508 , 1, 'POST', 'Activacion de lineas internet.', 0, '/arma-tu-plan/activacion-lineas/internet', 502)
INSERT action (id, active, httpMethod, name, publicAction, url, resourceId) VALUES (509 , 1, 'POST', 'Cambio de Plan Corporativo', 0, '/arma-tu-plan/cambio-planes/corporativo', 502)
INSERT action (id, active, httpMethod, name, publicAction, url, resourceId) VALUES (510 , 1, 'POST', 'Cambio de Plan Individual', 0, '/arma-tu-plan/cambio-planes/individual', 502)
INSERT action (id, active, httpMethod, name, publicAction, url, resourceId) VALUES (511 , 1, 'POST', 'Cambio de Plan de Internet', 0, '/arma-tu-plan/cambio-planes/internet', 502)
INSERT action (id, active, httpMethod, name, publicAction, url, resourceId) VALUES (512 , 1, 'GET', 'Obtiene los planes disponibles para la activacion', 0, '/arma-tu-plan/planes-disponibles', 502)
INSERT action (id, active, httpMethod, name, publicAction, url, resourceId) VALUES (513 , 1, 'GET', 'Obtener planes de internet para activacion y cambio de plan.', 0, '/arma-tu-plan/planes-internet', 502)
INSERT action (id, active, httpMethod, name, publicAction, url, resourceId) VALUES (514 , 1, 'GET', 'Obtiene los planes sugerido para el cambio de plan', 0, '/arma-tu-plan/planes-sugeridos', 502)
INSERT action (id, active, httpMethod, name, publicAction, url, resourceId) VALUES (515 , 1, 'GET', 'Obtiene los terminales disponibles.', 0, '/arma-tu-plan/terminales-disponibles', 502)
INSERT action (id, active, httpMethod, name, publicAction, url, resourceId) VALUES (516 , 1, 'GET', 'Obtiene los terminales sugeridos de una linea.', 0, '/arma-tu-plan/terminales-sugeridos', 502)
INSERT action (id, active, httpMethod, name, publicAction, url, resourceId) VALUES (517 , 1, 'POST', 'Servicio para crear reclamos.', 0, '/atencion-al-cliente/reclamos', 503)
INSERT action (id, active, httpMethod, name, publicAction, url, resourceId) VALUES (518 , 1, 'GET', 'Obtiene las solicitudes(Tickets) generadas en mi Mi Mundo.', 0, '/atencion-al-cliente/solicitudes/generadas-en-mimundo', 503)
INSERT action (id, active, httpMethod, name, publicAction, url, resourceId) VALUES (519 , 1, 'GET', 'Obtiene los datos de una solicitud generada en mi Mi Mundo.', 0, '/atencion-al-cliente/solicitudes/generadas-en-mimundo/*', 503)
INSERT action (id, active, httpMethod, name, publicAction, url, resourceId) VALUES (520 , 1, 'GET', 'Obtiene el estado de una Solicitud generada en Mi Mundo.', 0, '/atencion-al-cliente/solicitudes/generadas-en-mimundo/*/estado', 503)
INSERT action (id, active, httpMethod, name, publicAction, url, resourceId) VALUES (521 , 1, 'GET', 'Obtiene las solicitudes generadas en Kml.', 0, '/atencion-al-cliente/solicitudes/generadas-fuera-de-mimundo', 503)
INSERT action (id, active, httpMethod, name, publicAction, url, resourceId) VALUES (522 , 1, 'GET', 'Obtiene los datos de una solicitud de kml.', 0, '/atencion-al-cliente/solicitudes/generadas-fuera-de-mimundo/*', 503)
INSERT action (id, active, httpMethod, name, publicAction, url, resourceId) VALUES (523 , 1, 'POST', 'Servicio para crear sugerencias', 0, '/atencion-al-cliente/sugerencias', 503)
INSERT action (id, active, httpMethod, name, publicAction, url, resourceId) VALUES (524 , 1, 'GET', 'Obtiene los tipos de reclamo de acuerdo al tipo de tecnologia de la linea.', 0, '/atencion-al-cliente/tipos-de-reclamo', 503)
INSERT action (id, active, httpMethod, name, publicAction, url, resourceId) VALUES (525 , 1, 'GET', 'Obtiene las categorias de Backtones.', 1, '/backtones/categorias', 504)
INSERT action (id, active, httpMethod, name, publicAction, url, resourceId) VALUES (526 , 1, 'GET', 'Obtiene los datos de una categoria.', 1, '/backtones/categorias/*', 504)
INSERT action (id, active, httpMethod, name, publicAction, url, resourceId) VALUES (527 , 1, 'GET', 'Obtiene los tonos de una categoria.', 1, '/backtones/categorias/*/tonos', 504)
INSERT action (id, active, httpMethod, name, publicAction, url, resourceId) VALUES (528 , 1, 'GET', 'Obtiene los datos de un tono.', 1, '/backtones/categorias/*/tonos/*', 504)
INSERT action (id, active, httpMethod, name, publicAction, url, resourceId) VALUES (529 , 1, 'GET', 'Obtiene los grupos de categoria.', 1, '/backtones/categorias-agrupadas', 504)
INSERT action (id, active, httpMethod, name, publicAction, url, resourceId) VALUES (530 , 1, 'GET', 'Obtiene los grupos de tonos.', 1, '/backtones/grupos', 504)
INSERT action (id, active, httpMethod, name, publicAction, url, resourceId) VALUES (531 , 1, 'GET', 'Obtiene los datos de un grupo de tonos.', 1, '/backtones/grupos/*', 504)
INSERT action (id, active, httpMethod, name, publicAction, url, resourceId) VALUES (532 , 1, 'GET', 'Obtiene los tonos de un grupo.', 1, '/backtones/grupos/*/tonos', 504)
INSERT action (id, active, httpMethod, name, publicAction, url, resourceId) VALUES (533 , 1, 'GET', 'Obtiene los datos de un tono perteneciente al grupo.', 1, '/backtones/grupos/*/tonos/*', 504)
INSERT action (id, active, httpMethod, name, publicAction, url, resourceId) VALUES (534 , 1, 'GET', 'Realiza la busqueda de tonos.', 1, '/backtones/tonos', 504)
INSERT action (id, active, httpMethod, name, publicAction, url, resourceId) VALUES (535 , 1, 'GET', 'Obtiene la imagen del tono.', 1, '/backtones/tonos/*/imagen', 504)
INSERT action (id, active, httpMethod, name, publicAction, url, resourceId) VALUES (536 , 1, 'GET', 'Obtiene los tonos mas escuchados.', 1, '/backtones/tonos-mas-escuchados', 504)
INSERT action (id, active, httpMethod, name, publicAction, url, resourceId) VALUES (537 , 1, 'GET', 'Obtiene la lista de banners.', 1, '/banners', 505)
INSERT action (id, active, httpMethod, name, publicAction, url, resourceId) VALUES (538 , 1, 'GET', 'Obtiene los datos del banner.', 1, '/banners/*', 505)
INSERT action (id, active, httpMethod, name, publicAction, url, resourceId) VALUES (539 , 1, 'GET', 'Obtiene los datos del formulario de bienvenida.', 0, '/bienvenida/formulario/*', 506)
INSERT action (id, active, httpMethod, name, publicAction, url, resourceId) VALUES (540 , 1, 'POST', 'Guarda los datos del Formulario.', 0, '/bienvenida/formulario/*', 506)
INSERT action (id, active, httpMethod, name, publicAction, url, resourceId) VALUES (541 , 1, 'POST', 'Obtiene el token de session para la linea.', 0, '/billetera/ticket', 507)
INSERT action (id, active, httpMethod, name, publicAction, url, resourceId) VALUES (542 , 1, 'GET', 'Obtiene los graficos del Cacti.', 0, '/cacti/*', 508)
INSERT action (id, active, httpMethod, name, publicAction, url, resourceId) VALUES (543 , 1, 'GET', 'Obtiene un grafico del Cacti.', 0, '/cacti/*/*', 508)
INSERT action (id, active, httpMethod, name, publicAction, url, resourceId) VALUES (544 , 1, 'POST', 'Crea un nuevo captcha.', 1, '/captchas', 509)
INSERT action (id, active, httpMethod, name, publicAction, url, resourceId) VALUES (545 , 1, 'GET', 'Obtiene la lista de clientes.', 0, '/clientes', 510)
INSERT action (id, active, httpMethod, name, publicAction, url, resourceId) VALUES (546 , 1, 'GET', 'Obtiene los datos del cliente.', 0, '/clientes/*', 510)
INSERT action (id, active, httpMethod, name, publicAction, url, resourceId) VALUES (547 , 1, 'GET', 'Obtiene las Lineas del Cliente.', 0, '/clientes/*/lineas', 510)
INSERT action (id, active, httpMethod, name, publicAction, url, resourceId) VALUES (548 , 1, 'GET', 'Obtiene los centros de Canje.', 1, '/clubpersonal/centros-de-canje', 511)
INSERT action (id, active, httpMethod, name, publicAction, url, resourceId) VALUES (549 , 1, 'GET', 'Obtiene los datos de un centro de canje.', 1, '/clubpersonal/centros-de-canje/*', 511)
INSERT action (id, active, httpMethod, name, publicAction, url, resourceId) VALUES (550 , 1, 'GET', 'Obtiene los datos de un socio del Club Personal.', 0, '/clubpersonal/datos-usuario', 511)
INSERT action (id, active, httpMethod, name, publicAction, url, resourceId) VALUES (551 , 1, 'GET', 'Obtiene las lineas habilitadas para realizar canje de puntos en el Club Personal.', 0, '/clubpersonal/lineas-habilitadas', 511)
INSERT action (id, active, httpMethod, name, publicAction, url, resourceId) VALUES (552 , 1, 'PUT', 'Bloquea o habilita las lineas del socio del club personal para el canje de puntos.', 0, '/clubpersonal/lineas-habilitadas', 511)
INSERT action (id, active, httpMethod, name, publicAction, url, resourceId) VALUES (553 , 1, 'GET', 'Obtiene los locales adheridos al club personal', 1, '/clubpersonal/locales-adheridos', 511)
INSERT action (id, active, httpMethod, name, publicAction, url, resourceId) VALUES (554 , 1, 'GET', 'Obtiene un local adherido al Club Personal.', 1, '/clubpersonal/locales-adheridos/*', 511)
INSERT action (id, active, httpMethod, name, publicAction, url, resourceId) VALUES (555 , 1, 'GET', 'Obtiene el detalle de un local adherido.', 1, '/clubpersonal/locales-adheridos/*/sucursales', 511)
INSERT action (id, active, httpMethod, name, publicAction, url, resourceId) VALUES (556 , 1, 'GET', 'Obtiene el formulario de adhesion al club personal.', 0, '/clubpersonal/preguntas', 511)
INSERT action (id, active, httpMethod, name, publicAction, url, resourceId) VALUES (557 , 1, 'GET', 'Obtiene los premios disponibles para el usuario.', 1, '/clubpersonal/premios-disponibles', 511)
INSERT action (id, active, httpMethod, name, publicAction, url, resourceId) VALUES (558 , 1, 'GET', 'Obtiene los datos un premio disponible', 1, '/clubpersonal/premios-disponibles/*', 511)
INSERT action (id, active, httpMethod, name, publicAction, url, resourceId) VALUES (559 , 1, 'GET', 'Obtiene los puntos canjeados por el usuario.', 0, '/clubpersonal/puntos-canjeados', 511)
INSERT action (id, active, httpMethod, name, publicAction, url, resourceId) VALUES (560 , 1, 'POST', 'Canjea los puntos del usuario.', 0, '/clubpersonal/puntos-canjeados', 511)
GO
INSERT action (id, active, httpMethod, name, publicAction, url, resourceId) VALUES (561 , 1, 'GET', 'Obtiene los datos de un canje.', 0, '/clubpersonal/puntos-canjeados/*', 511)
INSERT action (id, active, httpMethod, name, publicAction, url, resourceId) VALUES (562 , 1, 'POST', 'Acredita puntos al socio del Club Personal.', 0, '/clubpersonal/puntos-generados', 511)
INSERT action (id, active, httpMethod, name, publicAction, url, resourceId) VALUES (563 , 1, 'GET', 'Obtiene los puntos del cliente generados en el Club Personal.', 0, '/clubpersonal/puntos-generados', 511)
INSERT action (id, active, httpMethod, name, publicAction, url, resourceId) VALUES (564 , 1, 'GET', 'Obtiene los datos de un punto generado por el cliente.', 0, '/clubpersonal/puntos-generados/*', 511)
INSERT action (id, active, httpMethod, name, publicAction, url, resourceId) VALUES (565 , 1, 'GET', 'Obtiene el resumen de lineas del usuario.', 0, '/clubpersonal/resumen-lineas', 511)
INSERT action (id, active, httpMethod, name, publicAction, url, resourceId) VALUES (566 , 1, 'GET', 'Obtiene los datos de una linea del usuario.', 0, '/clubpersonal/resumen-lineas/*', 511)
INSERT action (id, active, httpMethod, name, publicAction, url, resourceId) VALUES (567 , 1, 'GET', 'Obtiene la imagen de la tarjeta provisoria del Club Personal.', 0, '/clubpersonal/tarjeta-provisoria', 511)
INSERT action (id, active, httpMethod, name, publicAction, url, resourceId) VALUES (568 , 1, 'POST', 'Registra la solicitud de impresion de la tarjeta del Club Personal.', 0, '/clubpersonal/tarjetas', 511)
INSERT action (id, active, httpMethod, name, publicAction, url, resourceId) VALUES (569 , 1, 'GET', 'Obtiene el total de puntos del usuario.', 0, '/clubpersonal/total-puntos', 511)
INSERT action (id, active, httpMethod, name, publicAction, url, resourceId) VALUES (570 , 1, 'POST', 'Asociar un usuario (titular o linea) al club personal.', 0, '/clubpersonal/usuarios', 511)
INSERT action (id, active, httpMethod, name, publicAction, url, resourceId) VALUES (571 , 1, 'DELETE', 'Desasocia un socio del club personal.', 0, '/clubpersonal/usuarios/*', 511)
INSERT action (id, active, httpMethod, name, publicAction, url, resourceId) VALUES (572 , 1, 'GET', 'Obtiene las respuestas del Formulario correspondientes al socio.', 0, '/clubpersonal/usuarios/*/formulario-respuestas', 511)
INSERT action (id, active, httpMethod, name, publicAction, url, resourceId) VALUES (573 , 1, 'GET', 'Obtiene la lista de configuraciones externas.', 1, '/configuraciones', 512)
INSERT action (id, active, httpMethod, name, publicAction, url, resourceId) VALUES (574 , 1, 'GET', 'Obtiene los datos de una configuracion', 1, '/configuraciones/*', 512)
INSERT action (id, active, httpMethod, name, publicAction, url, resourceId) VALUES (575 , 1, 'POST', 'Envia la configuracion.', 0, '/configuraciones-wap', 513)
INSERT action (id, active, httpMethod, name, publicAction, url, resourceId) VALUES (576 , 1, 'GET', 'Obtiene la lista de categorias.', 1, '/descargas-utiles/categorias', 514)
INSERT action (id, active, httpMethod, name, publicAction, url, resourceId) VALUES (577 , 1, 'GET', 'Obtiene los datos de una categoria.', 1, '/descargas-utiles/categorias/*', 514)
INSERT action (id, active, httpMethod, name, publicAction, url, resourceId) VALUES (578 , 1, 'GET', 'Obtiene la lista de descargas.', 1, '/descargas-utiles/descargas', 514)
INSERT action (id, active, httpMethod, name, publicAction, url, resourceId) VALUES (579 , 1, 'GET', 'Obtiene los datos de una descarga.', 1, '/descargas-utiles/descargas/*', 514)
INSERT action (id, active, httpMethod, name, publicAction, url, resourceId) VALUES (580 , 1, 'GET', 'Obtiene la lista de finaciaciones del usuario.', 0, '/financiaciones', 515)
INSERT action (id, active, httpMethod, name, publicAction, url, resourceId) VALUES (581 , 1, 'GET', 'Obtiene los datos de una financiacion.', 0, '/financiaciones/*', 515)
INSERT action (id, active, httpMethod, name, publicAction, url, resourceId) VALUES (582 , 1, 'GET', 'Obtiene la lista de cuotas de la financiacion.', 0, '/financiaciones/*/cuotas', 515)
INSERT action (id, active, httpMethod, name, publicAction, url, resourceId) VALUES (583 , 1, 'GET', 'Obtiene la lista de facturas de la financiacion', 0, '/financiaciones/*/facturas', 515)
INSERT action (id, active, httpMethod, name, publicAction, url, resourceId) VALUES (584 , 1, 'GET', 'Obtiene la lista de grupos de facturacion del usuario.', 0, '/grupos-facturacion', 516)
INSERT action (id, active, httpMethod, name, publicAction, url, resourceId) VALUES (585 , 1, 'GET', 'Obtiene el grupo de facturacion.', 0, '/grupos-facturacion/*', 516)
INSERT action (id, active, httpMethod, name, publicAction, url, resourceId) VALUES (586 , 1, 'GET', 'Obtiene las direcciones del grupo de facturacion.', 0, '/grupos-facturacion/*/direcciones', 516)
INSERT action (id, active, httpMethod, name, publicAction, url, resourceId) VALUES (587 , 1, 'GET', 'Obtiene los datos de una direccion perteneciente a un grupo.', 0, '/grupos-facturacion/*/direcciones/*', 516)
INSERT action (id, active, httpMethod, name, publicAction, url, resourceId) VALUES (588 , 1, 'PUT', 'Actualiza los datos de la direccion de un grupo.', 0, '/grupos-facturacion/*/direcciones/*', 516)
INSERT action (id, active, httpMethod, name, publicAction, url, resourceId) VALUES (589 , 1, 'GET', 'Verifica si el grupo tiene activado el servicio de factura electronica.', 0, '/grupos-facturacion/*/factura-electronica', 516)
INSERT action (id, active, httpMethod, name, publicAction, url, resourceId) VALUES (590 , 1, 'POST', 'Activa el servicio de factura electronica para el grupo de facturacion.', 0, '/grupos-facturacion/*/factura-electronica', 516)
INSERT action (id, active, httpMethod, name, publicAction, url, resourceId) VALUES (591 , 1, 'DELETE', 'Desactiva el servicio de factura electronica para el grupo de facturacion.', 0, '/grupos-facturacion/*/factura-electronica', 516)
INSERT action (id, active, httpMethod, name, publicAction, url, resourceId) VALUES (592 , 1, 'GET', 'Obtiene el mail asociado al servicio de factura electronica.', 0, '/grupos-facturacion/*/factura-electronica/mail', 516)
INSERT action (id, active, httpMethod, name, publicAction, url, resourceId) VALUES (593 , 1, 'PUT', 'Modifica el mail asociado al servicio de factura electronica.', 0, '/grupos-facturacion/*/factura-electronica/mail', 516)
INSERT action (id, active, httpMethod, name, publicAction, url, resourceId) VALUES (594 , 1, 'GET', 'Obtiene la lista de facturas del grupo de facturacion.', 0, '/grupos-facturacion/*/facturas', 516)
INSERT action (id, active, httpMethod, name, publicAction, url, resourceId) VALUES (595 , 1, 'GET', 'Obtiene la factura del grupo de facturacion.', 0, '/grupos-facturacion/*/facturas/*/*', 516)
INSERT action (id, active, httpMethod, name, publicAction, url, resourceId) VALUES (596 , 1, 'GET', 'Obtiene el detalle de la factura.', 0, '/grupos-facturacion/*/facturas/*/*/detalle', 516)
INSERT action (id, active, httpMethod, name, publicAction, url, resourceId) VALUES (597 , 1, 'GET', 'Obtiene el detalle de la factura en formato PDF.', 0, '/grupos-facturacion/*/facturas/*/*/detalle/exportar', 516)
INSERT action (id, active, httpMethod, name, publicAction, url, resourceId) VALUES (598 , 1, 'GET', 'Obtiene las lineas del grupo de facturacion.', 0, '/grupos-facturacion/*/lineas', 516)
INSERT action (id, active, httpMethod, name, publicAction, url, resourceId) VALUES (599 , 1, 'GET', 'Obtiene los datos del Resumen del Grupo de Facturacion.', 0, '/grupos-facturacion/*/resumen', 516)
INSERT action (id, active, httpMethod, name, publicAction, url, resourceId) VALUES (600 , 1, 'GET', 'Obtiene la lista de lineas sobre las cuales el usuario puede realizar la operacion.', 0, '/lineas', 517)
INSERT action (id, active, httpMethod, name, publicAction, url, resourceId) VALUES (601 , 1, 'GET', 'Obiene los datos de la linea.', 0, '/lineas/*', 517)
INSERT action (id, active, httpMethod, name, publicAction, url, resourceId) VALUES (602 , 1, 'GET', 'Obtiene el estado de todos los servicios activables.', 0, '/lineas/*/activacion-servicios', 517)
INSERT action (id, active, httpMethod, name, publicAction, url, resourceId) VALUES (603 , 1, 'GET', 'Obtiene el estado del servicio de Banda Horaria.', 0, '/lineas/*/activacion-servicios/banda-horaria', 517)
INSERT action (id, active, httpMethod, name, publicAction, url, resourceId) VALUES (604 , 1, 'POST', 'Crea un ticket de activacion del servicio de Banda Horaria.', 0, '/lineas/*/activacion-servicios/banda-horaria/activar', 517)
INSERT action (id, active, httpMethod, name, publicAction, url, resourceId) VALUES (605 , 1, 'POST', 'Crea un ticket de desactivacion del servicio Banda Horaria.', 0, '/lineas/*/activacion-servicios/banda-horaria/desactivar', 517)
INSERT action (id, active, httpMethod, name, publicAction, url, resourceId) VALUES (606 , 1, 'GET', 'Obtiene el estado del servicio de Recarga Contra Factura.', 0, '/lineas/*/activacion-servicios/recarga-contra-factura', 517)
INSERT action (id, active, httpMethod, name, publicAction, url, resourceId) VALUES (607 , 1, 'POST', 'Crea un ticket de activacion del servicio de Recarga Contra Factura.', 0, '/lineas/*/activacion-servicios/recarga-contra-factura/activar', 517)
INSERT action (id, active, httpMethod, name, publicAction, url, resourceId) VALUES (608 , 1, 'POST', 'Crea un ticket de desactivacion del servicio de Recarga Contra Factura.', 0, '/lineas/*/activacion-servicios/recarga-contra-factura/desactivar', 517)
INSERT action (id, active, httpMethod, name, publicAction, url, resourceId) VALUES (609 , 1, 'GET', 'Obtiene el estado del servicio de Roaming Automatico.', 0, '/lineas/*/activacion-servicios/roaming-automatico', 517)
INSERT action (id, active, httpMethod, name, publicAction, url, resourceId) VALUES (610 , 1, 'POST', 'Activa el servicio de Roaming Automatico.', 0, '/lineas/*/activacion-servicios/roaming-automatico/activar', 517)
INSERT action (id, active, httpMethod, name, publicAction, url, resourceId) VALUES (611 , 1, 'POST', 'Desactiva el servicio de Roaming Automatico.', 0, '/lineas/*/activacion-servicios/roaming-automatico/desactivar', 517)
INSERT action (id, active, httpMethod, name, publicAction, url, resourceId) VALUES (612 , 1, 'GET', 'Obtiene el estado del servicio de Roaming Full.', 0, '/lineas/*/activacion-servicios/roaming-full', 517)
INSERT action (id, active, httpMethod, name, publicAction, url, resourceId) VALUES (613 , 1, 'POST', 'Crea un ticket de activacion del servicio de Roaming Full.', 0, '/lineas/*/activacion-servicios/roaming-full/activar', 517)
INSERT action (id, active, httpMethod, name, publicAction, url, resourceId) VALUES (614 , 1, 'POST', 'Crea un ticket de desactivacion del servicio de Roaming Full.', 0, '/lineas/*/activacion-servicios/roaming-full/desactivar', 517)
INSERT action (id, active, httpMethod, name, publicAction, url, resourceId) VALUES (615 , 1, 'GET', 'Obtiene la lista de operadoras.', 0, '/lineas/*/activacion-servicios/roaming-full/operadoras', 517)
INSERT action (id, active, httpMethod, name, publicAction, url, resourceId) VALUES (616 , 1, 'GET', 'Obtiene la lista de paises para Roaming.', 0, '/lineas/*/activacion-servicios/roaming-full/paises', 517)
INSERT action (id, active, httpMethod, name, publicAction, url, resourceId) VALUES (617 , 1, 'GET', 'Obtiene los datos de un pais', 0, '/lineas/*/activacion-servicios/roaming-full/paises/*', 517)
INSERT action (id, active, httpMethod, name, publicAction, url, resourceId) VALUES (618 , 1, 'GET', 'Obtiene la lista de operadoras por pais.', 0, '/lineas/*/activacion-servicios/roaming-full/paises/*/operadoras', 517)
INSERT action (id, active, httpMethod, name, publicAction, url, resourceId) VALUES (619 , 1, 'GET', 'Obtiene el estado del servicio de Secretaria Personal.', 0, '/lineas/*/activacion-servicios/secretaria-personal', 517)
INSERT action (id, active, httpMethod, name, publicAction, url, resourceId) VALUES (620 , 1, 'POST', 'Crea un nuevo ticket de activacion del servicio de Secretaria Personal.', 0, '/lineas/*/activacion-servicios/secretaria-personal/activar', 517)
INSERT action (id, active, httpMethod, name, publicAction, url, resourceId) VALUES (621 , 1, 'POST', 'Crea un ticket de desactivacion del servicio de Secretaria Personal.', 0, '/lineas/*/activacion-servicios/secretaria-personal/desactivar', 517)
INSERT action (id, active, httpMethod, name, publicAction, url, resourceId) VALUES (622 , 1, 'GET', 'Obtiene el estado del servicio BlackBerry.', 0, '/lineas/*/activacion-servicios/servicio-blackberry', 517)
INSERT action (id, active, httpMethod, name, publicAction, url, resourceId) VALUES (623 , 1, 'POST', 'Crea un ticket de activacion del servicio BlackBerry.', 0, '/lineas/*/activacion-servicios/servicio-blackberry/activar', 517)
INSERT action (id, active, httpMethod, name, publicAction, url, resourceId) VALUES (624 , 1, 'POST', 'Crea un ticket de desactivacion del servicio BlackBerry.', 0, '/lineas/*/activacion-servicios/servicio-blackberry/desactivar', 517)
INSERT action (id, active, httpMethod, name, publicAction, url, resourceId) VALUES (625 , 1, 'GET', 'Obtiene el estado del servicio de Transferencia de Llamadas.', 0, '/lineas/*/activacion-servicios/transferencia-llamadas', 517)
INSERT action (id, active, httpMethod, name, publicAction, url, resourceId) VALUES (626 , 1, 'POST', 'Crea un ticket de activacion del servicio de Transferencia de Llamadas.', 0, '/lineas/*/activacion-servicios/transferencia-llamadas/activar', 517)
INSERT action (id, active, httpMethod, name, publicAction, url, resourceId) VALUES (627 , 1, 'POST', 'Crea un ticket de desactivacion del servicio de Transferencia de Llamadas.', 0, '/lineas/*/activacion-servicios/transferencia-llamadas/desactivar', 517)
INSERT action (id, active, httpMethod, name, publicAction, url, resourceId) VALUES (628 , 1, 'GET', 'Obtiene los grupos creados por una linea.', 0, '/lineas/*/backtones/grupos-lineas', 517)
INSERT action (id, active, httpMethod, name, publicAction, url, resourceId) VALUES (629 , 1, 'POST', 'Crea un nuevo grupo.', 0, '/lineas/*/backtones/grupos-lineas', 517)
INSERT action (id, active, httpMethod, name, publicAction, url, resourceId) VALUES (630 , 1, 'GET', 'Obtiene los datos de un grupo creado por la linea.', 0, '/lineas/*/backtones/grupos-lineas/*', 517)
INSERT action (id, active, httpMethod, name, publicAction, url, resourceId) VALUES (631 , 1, 'DELETE', 'Elimina un grupo existente.', 0, '/lineas/*/backtones/grupos-lineas/*', 517)
INSERT action (id, active, httpMethod, name, publicAction, url, resourceId) VALUES (632 , 1, 'GET', 'Obtiene las lineas asignadas a un grupo.', 0, '/lineas/*/backtones/grupos-lineas/*/lineas-llamantes', 517)
INSERT action (id, active, httpMethod, name, publicAction, url, resourceId) VALUES (633 , 1, 'GET', 'Obtiene los datos de una linea asignada a un grupo.', 0, '/lineas/*/backtones/grupos-lineas/*/lineas-llamantes/*', 517)
INSERT action (id, active, httpMethod, name, publicAction, url, resourceId) VALUES (634 , 1, 'PUT', 'Asigna una linea a un grupo.', 0, '/lineas/*/backtones/grupos-lineas/*/lineas-llamantes/*', 517)
INSERT action (id, active, httpMethod, name, publicAction, url, resourceId) VALUES (635 , 1, 'DELETE', 'Desasigna una linea de un grupo.', 0, '/lineas/*/backtones/grupos-lineas/*/lineas-llamantes/*', 517)
INSERT action (id, active, httpMethod, name, publicAction, url, resourceId) VALUES (636 , 1, 'GET', 'Obtiene los tonos de una linea.', 0, '/lineas/*/backtones/tonos', 517)
INSERT action (id, active, httpMethod, name, publicAction, url, resourceId) VALUES (637 , 1, 'GET', 'Obtiene los datos de un tono.', 0, '/lineas/*/backtones/tonos/*', 517)
INSERT action (id, active, httpMethod, name, publicAction, url, resourceId) VALUES (638 , 1, 'PUT', 'Realiza la compra de un backTone.', 0, '/lineas/*/backtones/tonos/*', 517)
INSERT action (id, active, httpMethod, name, publicAction, url, resourceId) VALUES (639 , 1, 'DELETE', 'Desactiva el backtone.', 0, '/lineas/*/backtones/tonos/*', 517)
INSERT action (id, active, httpMethod, name, publicAction, url, resourceId) VALUES (640 , 1, 'GET', 'Obtiene la configuracion del tono.', 0, '/lineas/*/backtones/tonos/*/configuracion', 517)
INSERT action (id, active, httpMethod, name, publicAction, url, resourceId) VALUES (641 , 1, 'PUT', 'Modifica la configuracion del tono para la linea.', 0, '/lineas/*/backtones/tonos/*/configuracion', 517)
INSERT action (id, active, httpMethod, name, publicAction, url, resourceId) VALUES (642 , 1, 'GET', 'Obtiene los grupos asignados a un backtone.', 0, '/lineas/*/backtones/tonos/*/grupos-asignados', 517)
INSERT action (id, active, httpMethod, name, publicAction, url, resourceId) VALUES (643 , 1, 'GET', 'Obtiene los datos de un grupo asignado a un backtone.', 0, '/lineas/*/backtones/tonos/*/grupos-asignados/*', 517)
INSERT action (id, active, httpMethod, name, publicAction, url, resourceId) VALUES (644 , 1, 'PUT', 'Asigna un backtone a un grupo.', 0, '/lineas/*/backtones/tonos/*/grupos-asignados/*', 517)
INSERT action (id, active, httpMethod, name, publicAction, url, resourceId) VALUES (645 , 1, 'DELETE', 'Desasigna un backtone de un grupo.', 0, '/lineas/*/backtones/tonos/*/grupos-asignados/*', 517)
INSERT action (id, active, httpMethod, name, publicAction, url, resourceId) VALUES (646 , 1, 'GET', 'Obtiene las lineas asignadas a un backtone.', 0, '/lineas/*/backtones/tonos/*/lineas-asignadas', 517)
INSERT action (id, active, httpMethod, name, publicAction, url, resourceId) VALUES (647 , 1, 'PUT', 'Asigna tono a todas las llamadas provenientes de lineas que no tengan un backtone particular asignado o pertenezcan a un grupo que lo tenga.', 0, '/lineas/*/backtones/tonos/*/lineas-asignadas', 517)
INSERT action (id, active, httpMethod, name, publicAction, url, resourceId) VALUES (648 , 1, 'GET', 'Obtiene los datos de una linea asignada a un backtone.', 0, '/lineas/*/backtones/tonos/*/lineas-asignadas/*', 517)
INSERT action (id, active, httpMethod, name, publicAction, url, resourceId) VALUES (649 , 1, 'PUT', 'Asigna un backtone a una linea.', 0, '/lineas/*/backtones/tonos/*/lineas-asignadas/*', 517)
INSERT action (id, active, httpMethod, name, publicAction, url, resourceId) VALUES (650 , 1, 'DELETE', 'Desasigna un backtone a una linea', 0, '/lineas/*/backtones/tonos/*/lineas-asignadas/*', 517)
INSERT action (id, active, httpMethod, name, publicAction, url, resourceId) VALUES (651 , 1, 'GET', 'Obtiene los consumos por banda horaria de la linea.', 0, '/lineas/*/consumos/consumos-por-horario', 517)
INSERT action (id, active, httpMethod, name, publicAction, url, resourceId) VALUES (652 , 1, 'GET', 'Obtiene los consumos por banda horaria de un tipo de consumo de la linea.', 0, '/lineas/*/consumos/consumos-por-horario/*', 517)
INSERT action (id, active, httpMethod, name, publicAction, url, resourceId) VALUES (653 , 1, 'GET', 'Obtiene los consumos de la linea por tipo.', 0, '/lineas/*/consumos/consumos-por-tipo', 517)
INSERT action (id, active, httpMethod, name, publicAction, url, resourceId) VALUES (654 , 1, 'GET', 'Obtiene el detalle de consumo de la linea.', 0, '/lineas/*/consumos/detalle-consumo', 517)
INSERT action (id, active, httpMethod, name, publicAction, url, resourceId) VALUES (655 , 1, 'GET', 'Obtiene el detalle de consumo de las cargas efectuadas por la linea.', 0, '/lineas/*/consumos/detalle-consumo/cargas', 517)
INSERT action (id, active, httpMethod, name, publicAction, url, resourceId) VALUES (656 , 1, 'GET', 'Obtiene el detalle de consumo de datos de la linea.', 0, '/lineas/*/consumos/detalle-consumo/datos', 517)
INSERT action (id, active, httpMethod, name, publicAction, url, resourceId) VALUES (657 , 1, 'GET', 'Obtiene el detalle de consumo de llamadas de la linea.', 0, '/lineas/*/consumos/detalle-consumo/llamadas', 517)
INSERT action (id, active, httpMethod, name, publicAction, url, resourceId) VALUES (658 , 1, 'GET', 'Obtiene el detalle de consumo de mensajes de la linea.', 0, '/lineas/*/consumos/detalle-consumo/mensajes', 517)
INSERT action (id, active, httpMethod, name, publicAction, url, resourceId) VALUES (659 , 1, 'GET', 'Obtiene el detalle de consumo de recargas SOS de la linea.', 0, '/lineas/*/consumos/detalle-consumo/recargas-sos', 517)
INSERT action (id, active, httpMethod, name, publicAction, url, resourceId) VALUES (660 , 1, 'GET', 'Obtiene todos los historiales de consumo de la linea.', 0, '/lineas/*/consumos/historiales-consumo', 517)
GO
INSERT action (id, active, httpMethod, name, publicAction, url, resourceId) VALUES (661 , 1, 'GET', 'Obtiene el historial de un tipo de consumo de la linea.', 0, '/lineas/*/consumos/historiales-consumo/*', 517)
INSERT action (id, active, httpMethod, name, publicAction, url, resourceId) VALUES (662 , 1, 'GET', 'Obtiene todos los resumenes de los historiales de consumo de la linea.', 0, '/lineas/*/consumos/resumenes-historial', 517)
INSERT action (id, active, httpMethod, name, publicAction, url, resourceId) VALUES (663 , 1, 'GET', 'Obtiene el resumen del historial de un tipo de consumo de la linea.', 0, '/lineas/*/consumos/resumenes-historial/*', 517)
INSERT action (id, active, httpMethod, name, publicAction, url, resourceId) VALUES (664 , 1, 'GET', 'Obtiene la lista de destinos gratuitos de la linea.', 0, '/lineas/*/destinos-gratuitos', 517)
INSERT action (id, active, httpMethod, name, publicAction, url, resourceId) VALUES (665 , 1, 'GET', 'Obtiene la lista de servicios de destinos gratuitos de la linea.', 0, '/lineas/*/destinos-gratuitos/servicios', 517)
INSERT action (id, active, httpMethod, name, publicAction, url, resourceId) VALUES (666 , 1, 'GET', 'Obtiene un servicio de destino gratuito de la linea.', 0, '/lineas/*/destinos-gratuitos/servicios/*/*', 517)
INSERT action (id, active, httpMethod, name, publicAction, url, resourceId) VALUES (667 , 1, 'GET', 'Obtiene la cantidad total de lineas destino disponibles de acuerdo al codigo de servicio.', 0, '/lineas/*/destinos-gratuitos/servicios/*/*/cantidad', 517)
INSERT action (id, active, httpMethod, name, publicAction, url, resourceId) VALUES (668 , 1, 'GET', 'Obtiene un destino gratuito de la linea.', 0, '/lineas/*/destinos-gratuitos/*/*/*', 517)
INSERT action (id, active, httpMethod, name, publicAction, url, resourceId) VALUES (669 , 1, 'PUT', 'Agrega una destino gratuito a la linea.', 0, '/lineas/*/destinos-gratuitos/*/*/*', 517)
INSERT action (id, active, httpMethod, name, publicAction, url, resourceId) VALUES (670 , 1, 'DELETE', 'Elimina un destino gratuito de la linea.', 0, '/lineas/*/destinos-gratuitos/*/*/*', 517)
INSERT action (id, active, httpMethod, name, publicAction, url, resourceId) VALUES (671 , 1, 'PUT', 'Crea un nuevo ticket de cambio de grupo de facturacion.', 0, '/lineas/*/grupo-facturacion', 517)
INSERT action (id, active, httpMethod, name, publicAction, url, resourceId) VALUES (672 , 1, 'PUT', 'Aumenta el limite de consumo de la linea.', 0, '/lineas/*/limite-consumo', 517)
INSERT action (id, active, httpMethod, name, publicAction, url, resourceId) VALUES (673 , 1, 'GET', 'Obtiene los packs que puede activar el usuario.', 0, '/lineas/*/packs', 517)
INSERT action (id, active, httpMethod, name, publicAction, url, resourceId) VALUES (674 , 1, 'POST', 'Acredita un pack a la linea.', 0, '/lineas/*/packs', 517)
INSERT action (id, active, httpMethod, name, publicAction, url, resourceId) VALUES (675 , 1, 'GET', 'Consulta los packs activados del usuario.', 0, '/lineas/*/packs/consultar', 517)
INSERT action (id, active, httpMethod, name, publicAction, url, resourceId) VALUES (676 , 1, 'GET', 'Obtiene los planes de la linea.', 0, '/lineas/*/planes', 517)
INSERT action (id, active, httpMethod, name, publicAction, url, resourceId) VALUES (677 , 1, 'GET', 'Obtiene datos de los saldos de la linea.', 0, '/lineas/*/saldos', 517)
INSERT action (id, active, httpMethod, name, publicAction, url, resourceId) VALUES (678 , 1, 'POST', 'Solicita saldo para la linea.', 0, '/lineas/*/saldos/pedidos', 517)
INSERT action (id, active, httpMethod, name, publicAction, url, resourceId) VALUES (679 , 1, 'POST', 'Acredita el monto de recarga a la linea.', 0, '/lineas/*/saldos/recargas-contra-factura', 517)
INSERT action (id, active, httpMethod, name, publicAction, url, resourceId) VALUES (680 , 1, 'GET', 'Obtiene los montos de recarga de la linea.', 0, '/lineas/*/saldos/recargas-contra-factura/montos-recarga', 517)
INSERT action (id, active, httpMethod, name, publicAction, url, resourceId) VALUES (681 , 1, 'GET', 'Obtiene el estado de cuenta de la linea.', 0, '/lineas/*/saldos/recargas-sos', 517)
INSERT action (id, active, httpMethod, name, publicAction, url, resourceId) VALUES (682 , 1, 'POST', 'Presta saldo de emergencia a la linea.', 0, '/lineas/*/saldos/recargas-sos', 517)
INSERT action (id, active, httpMethod, name, publicAction, url, resourceId) VALUES (683 , 1, 'GET', 'Obtiene los montos disponibles para la linea.', 0, '/lineas/*/saldos/recargas-sos/montos-recarga', 517)
INSERT action (id, active, httpMethod, name, publicAction, url, resourceId) VALUES (684 , 1, 'GET', 'Obtiene la lista de servicios de la linea.', 0, '/lineas/*/servicios', 517)
INSERT action (id, active, httpMethod, name, publicAction, url, resourceId) VALUES (686 , 1, 'POST', 'Solicita la restitucion voluntaria de la Linea.', 0, '/lineas/*/suspensiones/restitucion-voluntaria', 517)
INSERT action (id, active, httpMethod, name, publicAction, url, resourceId) VALUES (687 , 1, 'POST', 'Crea un nuevo ticket de suspension temporal por robo.', 0, '/lineas/*/suspensiones/suspension-robo', 517)
INSERT action (id, active, httpMethod, name, publicAction, url, resourceId) VALUES (688 , 1, 'POST', 'Crea un nuevo ticket de suspension temporal por siniestro.', 0, '/lineas/*/suspensiones/suspension-siniestro', 517)
INSERT action (id, active, httpMethod, name, publicAction, url, resourceId) VALUES (689 , 1, 'POST', 'Solicita la suspension voluntaria de la Linea.', 0, '/lineas/*/suspensiones/suspension-voluntaria', 517)
INSERT action (id, active, httpMethod, name, publicAction, url, resourceId) VALUES (690 , 1, 'GET', 'Obtiene los datos del terminal de la linea.', 0, '/lineas/*/terminal', 517)
INSERT action (id, active, httpMethod, name, publicAction, url, resourceId) VALUES (692 , 1, 'GET', 'Obtiene un arbol de Menu.', 1, '/menus', 518)
INSERT action (id, active, httpMethod, name, publicAction, url, resourceId) VALUES (693 , 1, 'GET', 'Obtiene la lista de perfiles de consumo del usuario.', 0, '/perfiles-consumo', 519)
INSERT action (id, active, httpMethod, name, publicAction, url, resourceId) VALUES (694 , 1, 'GET', 'Obtiene la lista de personas.', 0, '/personas', 520)
INSERT action (id, active, httpMethod, name, publicAction, url, resourceId) VALUES (695 , 1, 'GET', 'Obtiene la lista de tipos de documentos.', 0, '/personas/tipos-documento', 520)
INSERT action (id, active, httpMethod, name, publicAction, url, resourceId) VALUES (696 , 1, 'GET', 'Obiene los datos de una persona.', 0, '/personas/*', 520)
INSERT action (id, active, httpMethod, name, publicAction, url, resourceId) VALUES (697 , 1, 'POST', 'Crea un PIN.', 1, '/pines', 521)
INSERT action (id, active, httpMethod, name, publicAction, url, resourceId) VALUES (698 , 1, 'POST', 'Valida la respuesta del Pin.', 1, '/pines/*', 521)
INSERT action (id, active, httpMethod, name, publicAction, url, resourceId) VALUES (699 , 1, 'GET', 'Obtiene el saldo PCRF de la linea.', 0, '/portal-cautivo/saldo-pcrf', 522)
INSERT action (id, active, httpMethod, name, publicAction, url, resourceId) VALUES (700 , 1, 'POST', 'Servicio para envio de SMS.', 1, '/sms', 523)
INSERT action (id, active, httpMethod, name, publicAction, url, resourceId) VALUES (701 , 1, 'GET', 'Obtiene la lista de terminales.', 0, '/terminales', 524)
INSERT action (id, active, httpMethod, name, publicAction, url, resourceId) VALUES (702 , 1, 'GET', 'Obtiene la lista de marcas de terminal.', 0, '/terminales/marcas', 524)
INSERT action (id, active, httpMethod, name, publicAction, url, resourceId) VALUES (703 , 1, 'GET', 'Obtiene la lista de modelos de terminal.', 0, '/terminales/modelos', 524)
INSERT action (id, active, httpMethod, name, publicAction, url, resourceId) VALUES (704 , 1, 'GET', 'Obtiene los datos de un terminal', 0, '/terminales/*', 524)
INSERT action (id, active, httpMethod, name, publicAction, url, resourceId) VALUES (705 , 1, 'GET', 'Obtiene la imagen del terminal', 0, '/terminales/*/imagen', 524)
INSERT action (id, active, httpMethod, name, publicAction, url, resourceId) VALUES (706 , 1, 'GET', 'Obtiene la lista de tickets del usuario.', 0, '/tickets', 525)
INSERT action (id, active, httpMethod, name, publicAction, url, resourceId) VALUES (707 , 1, 'GET', 'Obtiene un ticket.', 0, '/tickets/*', 525)
INSERT action (id, active, httpMethod, name, publicAction, url, resourceId) VALUES (708 , 1, 'GET', 'Obtiene el estado del ticket.', 0, '/tickets/*/estado', 525)
INSERT action (id, active, httpMethod, name, publicAction, url, resourceId) VALUES (709 , 1, 'GET', 'Obtiene la lista de tooltips.', 1, '/tooltips', 526)
INSERT action (id, active, httpMethod, name, publicAction, url, resourceId) VALUES (710 , 1, 'GET', 'Obtiene los datos de un tooltip.', 1, '/tooltips/*', 526)
INSERT action (id, active, httpMethod, name, publicAction, url, resourceId) VALUES (711 , 1, 'POST', 'Realiza las transferencias de saldo entre lineas corporativas.', 0, '/transferencias/corporativo', 527)
INSERT action (id, active, httpMethod, name, publicAction, url, resourceId) VALUES (712 , 1, 'POST', 'Realiza la transferencia de saldo.', 0, '/transferencias/individual', 527)
INSERT action (id, active, httpMethod, name, publicAction, url, resourceId) VALUES (713 , 1, 'GET', 'Obtiene la lista de usuarios del usuario.', 0, '/usuarios', 528)
INSERT action (id, active, httpMethod, name, publicAction, url, resourceId) VALUES (714 , 1, 'POST', 'Crea un nuevo usuario de tipo Administrador.', 0, '/usuarios/administrador', 528)
INSERT action (id, active, httpMethod, name, publicAction, url, resourceId) VALUES (715 , 1, 'POST', 'Crea un nuevo usuario de tipo Linea.', 0, '/usuarios/linea', 528)
INSERT action (id, active, httpMethod, name, publicAction, url, resourceId) VALUES (716 , 1, 'POST', 'Crea un nuevo usuario de tipo Restringido.', 0, '/usuarios/restringido', 528)
INSERT action (id, active, httpMethod, name, publicAction, url, resourceId) VALUES (717 , 1, 'POST', 'Crea un usuario de tipo Temporal.', 1, '/usuarios/temporal', 528)
INSERT action (id, active, httpMethod, name, publicAction, url, resourceId) VALUES (718 , 1, 'POST', 'Crea un nuevo usuario de tipo Titular.', 0, '/usuarios/titular', 528)
INSERT action (id, active, httpMethod, name, publicAction, url, resourceId) VALUES (719 , 1, 'GET', 'Obtiene los datos del usuario logueado.', 0, '/usuarios/usuario-logueado', 528)
INSERT action (id, active, httpMethod, name, publicAction, url, resourceId) VALUES (720 , 1, 'POST', 'Asociar una cuenta de Facebook al usuario.', 0, '/usuarios/usuario-logueado/cuentas-externas/facebook', 528)
INSERT action (id, active, httpMethod, name, publicAction, url, resourceId) VALUES (721 , 1, 'POST', 'Valida que un usuario pueda ser creado o no.', 1, '/usuarios/validaciones/creacion', 528)
INSERT action (id, active, httpMethod, name, publicAction, url, resourceId) VALUES (722 , 1, 'GET', 'Obtiene los datos del usuario.', 0, '/usuarios/*', 528)
INSERT action (id, active, httpMethod, name, publicAction, url, resourceId) VALUES (723 , 1, 'DELETE', 'Elimina el usuario.', 0, '/usuarios/*', 528)
INSERT action (id, active, httpMethod, name, publicAction, url, resourceId) VALUES (724 , 1, 'POST', 'Activa el usuario.', 1, '/usuarios/*/activar', 528)
INSERT action (id, active, httpMethod, name, publicAction, url, resourceId) VALUES (725 , 1, 'PUT', 'Cambia la clave del usuario.', 1, '/usuarios/*/clave', 528)
INSERT action (id, active, httpMethod, name, publicAction, url, resourceId) VALUES (726 , 1, 'GET', 'Obtiene los datos del OAuth.', 0, '/usuarios/*/datos-sesion', 528)
INSERT action (id, active, httpMethod, name, publicAction, url, resourceId) VALUES (727 , 1, 'GET', 'Obtiene los datos del usuario de KML.', 0, '/usuarios/*/datos-usuario', 528)
INSERT action (id, active, httpMethod, name, publicAction, url, resourceId) VALUES (728 , 1, 'PUT', 'Modifica los datos del usuario en KML.', 0, '/usuarios/*/datos-usuario', 528)
INSERT action (id, active, httpMethod, name, publicAction, url, resourceId) VALUES (729 , 1, 'PUT', 'Cambia el estado de bloqueo del usuario.', 0, '/usuarios/*/estado', 528)
INSERT action (id, active, httpMethod, name, publicAction, url, resourceId) VALUES (730 , 1, 'GET', 'Obtiene las lineas administradas del usuario.', 0, '/usuarios/*/lineas-administradas', 528)
INSERT action (id, active, httpMethod, name, publicAction, url, resourceId) VALUES (731 , 1, 'PUT', 'Modifica las lineas administradas del usuario.', 0, '/usuarios/*/lineas-administradas', 528)
INSERT action (id, active, httpMethod, name, publicAction, url, resourceId) VALUES (732 , 1, 'POST', 'Resetea la clave del usuario.', 0, '/usuarios/*/resetear', 528)
INSERT action (id, active, httpMethod, name, publicAction, url, resourceId) VALUES (733 , 1, 'GET', 'Obtiene los roles del usuario.', 0, '/usuarios/*/roles', 528)
INSERT action (id, active, httpMethod, name, publicAction, url, resourceId) VALUES (734 , 1, 'PUT', 'Modifica los roles del usuario.', 0, '/usuarios/*/roles', 528)
INSERT action (id, active, httpMethod, name, publicAction, url, resourceId) VALUES (735 , 1, 'POST', 'Envia un token de validacion a la direccion de email.', 0, '/validar-mail', 529)
INSERT action (id, active, httpMethod, name, publicAction, url, resourceId) VALUES (736 , 1, 'GET', 'Obtiene el alias de WebMail.', 0, '/webmail/*/alias', 530)
INSERT action (id, active, httpMethod, name, publicAction, url, resourceId) VALUES (737 , 1, 'PUT', 'Cambia el alias de WebMail.', 0, '/webmail/*/alias', 530)
INSERT action (id, active, httpMethod, name, publicAction, url, resourceId) VALUES (738 , 1, 'POST', 'Retorna el numero de linea contenido en el encabezado X-Msisdn.', 1, '/xmsisdn', 531)

INSERT action (id, active, httpMethod, name, publicAction, url, resourceId) VALUES (740 , 1, 'GET', 'Obtiene los detalles del Debito de un grupo de Facturacion.', 0, '/grupos-facturacion/*/cuenta-debito', 516)
INSERT action (id, active, httpMethod, name, publicAction, url, resourceId) VALUES (741 , 1, 'POST', 'Modifica la lista de destinos gratuitos de la linea.', 0, '/lineas/*/destinos-gratuitos', 517)
INSERT action (id, active, httpMethod, name, publicAction, url, resourceId) VALUES (742 , 1, 'POST', 'Activa la promocion Multipliers para la linea.', 0, '/lineas/*/packs/multipliers', 517)
INSERT action (id, active, httpMethod, name, publicAction, url, resourceId) VALUES (743 , 1, 'GET', 'Obtiene una lista de las recargas contra facutra realizadas en el ultimo ciclo de facturacion.', 0, '/lineas/*/saldos/recargas-contra-factura', 517)
INSERT action (id, active, httpMethod, name, publicAction, url, resourceId) VALUES (744 , 1, 'POST', 'Valida el saldo de packs PCRF de la linea.', 0, '/portal-cautivo/validar-pack-pcrf', 522)
INSERT action (id, active, httpMethod, name, publicAction, url, resourceId) VALUES (745 , 1, 'GET', 'Verifica si el usuario tiene una cuenta de Facebook asociada.', 0, '/usuarios/usuario-logueado/cuentas-externas/facebook', 528)
INSERT action (id, active, httpMethod, name, publicAction, url, resourceId) VALUES (746 , 1, 'DELETE', 'Elimina la cuenta de Facebook asociada al usuario.', 0, '/usuarios/usuario-logueado/cuentas-externas/facebook', 528)
INSERT action (id, active, httpMethod, name, publicAction, url, resourceId) VALUES (747 , 1, 'POST', 'Obtiene un ticket para hacer backup de agenda de la linea del usuario logueado.', 0, '/usuarios/usuario-logueado/ticket-backup-agenda', 528)

INSERT scopeAction (actionId, scopeId, active, endDate, startDate) VALUES (1 , 2 , 1, NULL, '2014-02-14 00:00:00.000')
INSERT scopeAction (actionId, scopeId, active, endDate, startDate) VALUES (2 , 2 , 1, NULL, '2014-02-14 00:00:00.000')
INSERT scopeAction (actionId, scopeId, active, endDate, startDate) VALUES (3 , 1 , 1, NULL, '2014-02-14 00:00:00.000')
INSERT scopeAction (actionId, scopeId, active, endDate, startDate) VALUES (4 , 1 , 1, NULL, '2014-02-14 00:00:00.000')
INSERT scopeAction (actionId, scopeId, active, endDate, startDate) VALUES (5 , 1 , 1, NULL, '2014-02-14 00:00:00.000')
INSERT scopeAction (actionId, scopeId, active, endDate, startDate) VALUES (6 , 1 , 1, NULL, '2014-02-14 00:00:00.000')
INSERT scopeAction (actionId, scopeId, active, endDate, startDate) VALUES (7 , 1 , 1, NULL, '2014-02-14 00:00:00.000')
INSERT scopeAction (actionId, scopeId, active, endDate, startDate) VALUES (8 , 1 , 1, NULL, '2014-02-14 00:00:00.000')
INSERT scopeAction (actionId, scopeId, active, endDate, startDate) VALUES (11 , 2 , 1, NULL, '2014-02-14 00:00:00.000')
INSERT scopeAction (actionId, scopeId, active, endDate, startDate) VALUES (12 , 2 , 1, NULL, '2014-02-14 00:00:00.000')
INSERT scopeAction (actionId, scopeId, active, endDate, startDate) VALUES (13 , 2 , 1, NULL, '2014-02-14 00:00:00.000')
INSERT scopeAction (actionId, scopeId, active, endDate, startDate) VALUES (14 , 2 , 1, NULL, '2014-02-14 00:00:00.000')
INSERT scopeAction (actionId, scopeId, active, endDate, startDate) VALUES (15 , 2 , 1, NULL, '2014-02-14 00:00:00.000')
INSERT scopeAction (actionId, scopeId, active, endDate, startDate) VALUES (16 , 2 , 1, NULL, '2014-02-14 00:00:00.000')
INSERT scopeAction (actionId, scopeId, active, endDate, startDate) VALUES (17 , 2 , 1, NULL, '2014-02-14 00:00:00.000')
INSERT scopeAction (actionId, scopeId, active, endDate, startDate) VALUES (18 , 2 , 1, NULL, '2014-02-14 00:00:00.000')
INSERT scopeAction (actionId, scopeId, active, endDate, startDate) VALUES (19 , 2 , 1, NULL, '2014-02-14 00:00:00.000')
INSERT scopeAction (actionId, scopeId, active, endDate, startDate) VALUES (20 , 2 , 1, NULL, '2014-02-14 00:00:00.000')
INSERT scopeAction (actionId, scopeId, active, endDate, startDate) VALUES (21 , 2 , 1, NULL, '2014-02-14 00:00:00.000')
INSERT scopeAction (actionId, scopeId, active, endDate, startDate) VALUES (23 , 2 , 1, NULL, '2014-02-14 00:00:00.000')
INSERT scopeAction (actionId, scopeId, active, endDate, startDate) VALUES (24 , 2 , 1, NULL, '2014-02-14 00:00:00.000')
INSERT scopeAction (actionId, scopeId, active, endDate, startDate) VALUES (25 , 2 , 1, NULL, '2014-02-14 00:00:00.000')
INSERT scopeAction (actionId, scopeId, active, endDate, startDate) VALUES (26 , 2 , 1, NULL, '2014-02-14 00:00:00.000')
INSERT scopeAction (actionId, scopeId, active, endDate, startDate) VALUES (26 , 21 , 1, NULL, '2014-02-14 00:00:00.000')
INSERT scopeAction (actionId, scopeId, active, endDate, startDate) VALUES (27 , 2 , 1, NULL, '2014-02-14 00:00:00.000')
INSERT scopeAction (actionId, scopeId, active, endDate, startDate) VALUES (27 , 21 , 1, NULL, '2014-02-14 00:00:00.000')
INSERT scopeAction (actionId, scopeId, active, endDate, startDate) VALUES (28 , 2 , 1, NULL, '2014-02-14 00:00:00.000')
INSERT scopeAction (actionId, scopeId, active, endDate, startDate) VALUES (29 , 2 , 1, NULL, '2014-02-14 00:00:00.000')
INSERT scopeAction (actionId, scopeId, active, endDate, startDate) VALUES (40 , 3 , 1, NULL, '2014-02-14 00:00:00.000')
INSERT scopeAction (actionId, scopeId, active, endDate, startDate) VALUES (41 , 3 , 1, NULL, '2014-02-14 00:00:00.000')
INSERT scopeAction (actionId, scopeId, active, endDate, startDate) VALUES (42 , 3 , 1, NULL, '2014-02-14 00:00:00.000')
INSERT scopeAction (actionId, scopeId, active, endDate, startDate) VALUES (43 , 1 , 1, NULL, '2014-02-14 00:00:00.000')
INSERT scopeAction (actionId, scopeId, active, endDate, startDate) VALUES (44 , 1 , 1, NULL, '2014-02-14 00:00:00.000')
INSERT scopeAction (actionId, scopeId, active, endDate, startDate) VALUES (45 , 1 , 1, NULL, '2014-02-14 00:00:00.000')
INSERT scopeAction (actionId, scopeId, active, endDate, startDate) VALUES (46 , 1 , 1, NULL, '2014-02-14 00:00:00.000')
INSERT scopeAction (actionId, scopeId, active, endDate, startDate) VALUES (47 , 1 , 1, NULL, '2014-02-14 00:00:00.000')
INSERT scopeAction (actionId, scopeId, active, endDate, startDate) VALUES (48 , 1 , 1, NULL, '2014-02-14 00:00:00.000')
INSERT scopeAction (actionId, scopeId, active, endDate, startDate) VALUES (49 , 1 , 1, NULL, '2014-02-14 00:00:00.000')
INSERT scopeAction (actionId, scopeId, active, endDate, startDate) VALUES (50 , 1 , 1, NULL, '2014-02-14 00:00:00.000')
INSERT scopeAction (actionId, scopeId, active, endDate, startDate) VALUES (51 , 1 , 1, NULL, '2014-02-14 00:00:00.000')
INSERT scopeAction (actionId, scopeId, active, endDate, startDate) VALUES (52 , 1 , 1, NULL, '2014-02-14 00:00:00.000')
INSERT scopeAction (actionId, scopeId, active, endDate, startDate) VALUES (53 , 2 , 1, NULL, '2014-02-14 00:00:00.000')

INSERT scopeAction (actionId, scopeId, active, endDate, startDate) VALUES (501 , 574 , 1, NULL, '2014-02-14 00:00:00.000')
INSERT scopeAction (actionId, scopeId, active, endDate, startDate) VALUES (502 , 574 , 1, NULL, '2014-02-14 00:00:00.000')
INSERT scopeAction (actionId, scopeId, active, endDate, startDate) VALUES (503 , 574 , 1, NULL, '2014-02-14 00:00:00.000')
INSERT scopeAction (actionId, scopeId, active, endDate, startDate) VALUES (504 , 574 , 1, NULL, '2014-02-14 00:00:00.000')
INSERT scopeAction (actionId, scopeId, active, endDate, startDate) VALUES (505 , 574 , 1, NULL, '2014-02-14 00:00:00.000')
INSERT scopeAction (actionId, scopeId, active, endDate, startDate) VALUES (506 , 515 , 1, NULL, '2014-02-14 00:00:00.000')
INSERT scopeAction (actionId, scopeId, active, endDate, startDate) VALUES (506 , 516 , 1, NULL, '2014-02-14 00:00:00.000')
INSERT scopeAction (actionId, scopeId, active, endDate, startDate) VALUES (507 , 515 , 1, NULL, '2014-02-14 00:00:00.000')
INSERT scopeAction (actionId, scopeId, active, endDate, startDate) VALUES (507 , 516 , 1, NULL, '2014-02-14 00:00:00.000')
INSERT scopeAction (actionId, scopeId, active, endDate, startDate) VALUES (508 , 515 , 1, NULL, '2014-02-14 00:00:00.000')
INSERT scopeAction (actionId, scopeId, active, endDate, startDate) VALUES (508 , 516 , 1, NULL, '2014-02-14 00:00:00.000')
INSERT scopeAction (actionId, scopeId, active, endDate, startDate) VALUES (509 , 553 , 1, NULL, '2014-02-14 00:00:00.000')
INSERT scopeAction (actionId, scopeId, active, endDate, startDate) VALUES (509 , 554 , 1, NULL, '2014-02-14 00:00:00.000')
INSERT scopeAction (actionId, scopeId, active, endDate, startDate) VALUES (510 , 553 , 1, NULL, '2014-02-14 00:00:00.000')
INSERT scopeAction (actionId, scopeId, active, endDate, startDate) VALUES (510 , 554 , 1, NULL, '2014-02-14 00:00:00.000')
INSERT scopeAction (actionId, scopeId, active, endDate, startDate) VALUES (511 , 555 , 1, NULL, '2014-02-14 00:00:00.000')
INSERT scopeAction (actionId, scopeId, active, endDate, startDate) VALUES (511 , 556 , 1, NULL, '2014-02-14 00:00:00.000')
INSERT scopeAction (actionId, scopeId, active, endDate, startDate) VALUES (512 , 515 , 1, NULL, '2014-02-14 00:00:00.000')
INSERT scopeAction (actionId, scopeId, active, endDate, startDate) VALUES (512 , 516 , 1, NULL, '2014-02-14 00:00:00.000')
INSERT scopeAction (actionId, scopeId, active, endDate, startDate) VALUES (513 , 515 , 1, NULL, '2014-02-14 00:00:00.000')
INSERT scopeAction (actionId, scopeId, active, endDate, startDate) VALUES (513 , 516 , 1, NULL, '2014-02-14 00:00:00.000')
INSERT scopeAction (actionId, scopeId, active, endDate, startDate) VALUES (513 , 555 , 1, NULL, '2014-02-14 00:00:00.000')
INSERT scopeAction (actionId, scopeId, active, endDate, startDate) VALUES (513 , 556 , 1, NULL, '2014-02-14 00:00:00.000')
INSERT scopeAction (actionId, scopeId, active, endDate, startDate) VALUES (514 , 554 , 1, NULL, '2014-02-14 00:00:00.000')
INSERT scopeAction (actionId, scopeId, active, endDate, startDate) VALUES (515 , 515 , 1, NULL, '2014-02-14 00:00:00.000')
INSERT scopeAction (actionId, scopeId, active, endDate, startDate) VALUES (515 , 516 , 1, NULL, '2014-02-14 00:00:00.000')
INSERT scopeAction (actionId, scopeId, active, endDate, startDate) VALUES (516 , 553 , 1, NULL, '2014-02-14 00:00:00.000')
INSERT scopeAction (actionId, scopeId, active, endDate, startDate) VALUES (516 , 554 , 1, NULL, '2014-02-14 00:00:00.000')
INSERT scopeAction (actionId, scopeId, active, endDate, startDate) VALUES (517 , 574 , 1, NULL, '2014-02-14 00:00:00.000')
INSERT scopeAction (actionId, scopeId, active, endDate, startDate) VALUES (518 , 533 , 1, NULL, '2014-02-14 00:00:00.000')
INSERT scopeAction (actionId, scopeId, active, endDate, startDate) VALUES (518 , 534 , 1, NULL, '2014-02-14 00:00:00.000')
INSERT scopeAction (actionId, scopeId, active, endDate, startDate) VALUES (519 , 533 , 1, NULL, '2014-02-14 00:00:00.000')
INSERT scopeAction (actionId, scopeId, active, endDate, startDate) VALUES (519 , 534 , 1, NULL, '2014-02-14 00:00:00.000')
INSERT scopeAction (actionId, scopeId, active, endDate, startDate) VALUES (520 , 533 , 1, NULL, '2014-02-14 00:00:00.000')
INSERT scopeAction (actionId, scopeId, active, endDate, startDate) VALUES (520 , 534 , 1, NULL, '2014-02-14 00:00:00.000')
INSERT scopeAction (actionId, scopeId, active, endDate, startDate) VALUES (521 , 533 , 1, NULL, '2014-02-14 00:00:00.000')
INSERT scopeAction (actionId, scopeId, active, endDate, startDate) VALUES (521 , 534 , 1, NULL, '2014-02-14 00:00:00.000')
INSERT scopeAction (actionId, scopeId, active, endDate, startDate) VALUES (522 , 533 , 1, NULL, '2014-02-14 00:00:00.000')
INSERT scopeAction (actionId, scopeId, active, endDate, startDate) VALUES (522 , 534 , 1, NULL, '2014-02-14 00:00:00.000')
INSERT scopeAction (actionId, scopeId, active, endDate, startDate) VALUES (523 , 574 , 1, NULL, '2014-02-14 00:00:00.000')
INSERT scopeAction (actionId, scopeId, active, endDate, startDate) VALUES (524 , 574 , 1, NULL, '2014-02-14 00:00:00.000')
INSERT scopeAction (actionId, scopeId, active, endDate, startDate) VALUES (539 , 574 , 1, NULL, '2014-02-14 00:00:00.000')
INSERT scopeAction (actionId, scopeId, active, endDate, startDate) VALUES (540 , 574 , 1, NULL, '2014-02-14 00:00:00.000')
INSERT scopeAction (actionId, scopeId, active, endDate, startDate) VALUES (541 , 574 , 1, NULL, '2014-02-14 00:00:00.000')
INSERT scopeAction (actionId, scopeId, active, endDate, startDate) VALUES (542 , 574 , 1, NULL, '2014-02-14 00:00:00.000')
INSERT scopeAction (actionId, scopeId, active, endDate, startDate) VALUES (543 , 574 , 1, NULL, '2014-02-14 00:00:00.000')
INSERT scopeAction (actionId, scopeId, active, endDate, startDate) VALUES (545 , 574 , 1, NULL, '2014-02-14 00:00:00.000')
INSERT scopeAction (actionId, scopeId, active, endDate, startDate) VALUES (546 , 574 , 1, NULL, '2014-02-14 00:00:00.000')
INSERT scopeAction (actionId, scopeId, active, endDate, startDate) VALUES (547 , 574 , 1, NULL, '2014-02-14 00:00:00.000')
INSERT scopeAction (actionId, scopeId, active, endDate, startDate) VALUES (550 , 501 , 1, NULL, '2014-02-14 00:00:00.000')
INSERT scopeAction (actionId, scopeId, active, endDate, startDate) VALUES (550 , 502 , 1, NULL, '2014-02-14 00:00:00.000')
INSERT scopeAction (actionId, scopeId, active, endDate, startDate) VALUES (551 , 501 , 1, NULL, '2014-02-14 00:00:00.000')
INSERT scopeAction (actionId, scopeId, active, endDate, startDate) VALUES (551 , 502 , 1, NULL, '2014-02-14 00:00:00.000')
INSERT scopeAction (actionId, scopeId, active, endDate, startDate) VALUES (552 , 501 , 1, NULL, '2014-02-14 00:00:00.000')
INSERT scopeAction (actionId, scopeId, active, endDate, startDate) VALUES (552 , 502 , 1, NULL, '2014-02-14 00:00:00.000')
INSERT scopeAction (actionId, scopeId, active, endDate, startDate) VALUES (556 , 501 , 1, NULL, '2014-02-14 00:00:00.000')
INSERT scopeAction (actionId, scopeId, active, endDate, startDate) VALUES (556 , 502 , 1, NULL, '2014-02-14 00:00:00.000')
INSERT scopeAction (actionId, scopeId, active, endDate, startDate) VALUES (559 , 501 , 1, NULL, '2014-02-14 00:00:00.000')
INSERT scopeAction (actionId, scopeId, active, endDate, startDate) VALUES (559 , 502 , 1, NULL, '2014-02-14 00:00:00.000')
GO
INSERT scopeAction (actionId, scopeId, active, endDate, startDate) VALUES (560 , 501 , 1, NULL, '2014-02-14 00:00:00.000')
INSERT scopeAction (actionId, scopeId, active, endDate, startDate) VALUES (560 , 502 , 1, NULL, '2014-02-14 00:00:00.000')
INSERT scopeAction (actionId, scopeId, active, endDate, startDate) VALUES (561 , 501 , 1, NULL, '2014-02-14 00:00:00.000')
INSERT scopeAction (actionId, scopeId, active, endDate, startDate) VALUES (561 , 502 , 1, NULL, '2014-02-14 00:00:00.000')
INSERT scopeAction (actionId, scopeId, active, endDate, startDate) VALUES (562 , 501 , 1, NULL, '2014-02-14 00:00:00.000')
INSERT scopeAction (actionId, scopeId, active, endDate, startDate) VALUES (562 , 502 , 1, NULL, '2014-02-14 00:00:00.000')
INSERT scopeAction (actionId, scopeId, active, endDate, startDate) VALUES (563 , 501 , 1, NULL, '2014-02-14 00:00:00.000')
INSERT scopeAction (actionId, scopeId, active, endDate, startDate) VALUES (563 , 502 , 1, NULL, '2014-02-14 00:00:00.000')
INSERT scopeAction (actionId, scopeId, active, endDate, startDate) VALUES (564 , 501 , 1, NULL, '2014-02-14 00:00:00.000')
INSERT scopeAction (actionId, scopeId, active, endDate, startDate) VALUES (564 , 502 , 1, NULL, '2014-02-14 00:00:00.000')
INSERT scopeAction (actionId, scopeId, active, endDate, startDate) VALUES (565 , 501 , 1, NULL, '2014-02-14 00:00:00.000')
INSERT scopeAction (actionId, scopeId, active, endDate, startDate) VALUES (565 , 502 , 1, NULL, '2014-02-14 00:00:00.000')
INSERT scopeAction (actionId, scopeId, active, endDate, startDate) VALUES (566 , 501 , 1, NULL, '2014-02-14 00:00:00.000')
INSERT scopeAction (actionId, scopeId, active, endDate, startDate) VALUES (566 , 502 , 1, NULL, '2014-02-14 00:00:00.000')
INSERT scopeAction (actionId, scopeId, active, endDate, startDate) VALUES (567 , 501 , 1, NULL, '2014-02-14 00:00:00.000')
INSERT scopeAction (actionId, scopeId, active, endDate, startDate) VALUES (567 , 502 , 1, NULL, '2014-02-14 00:00:00.000')
INSERT scopeAction (actionId, scopeId, active, endDate, startDate) VALUES (568 , 501 , 1, NULL, '2014-02-14 00:00:00.000')
INSERT scopeAction (actionId, scopeId, active, endDate, startDate) VALUES (568 , 502 , 1, NULL, '2014-02-14 00:00:00.000')
INSERT scopeAction (actionId, scopeId, active, endDate, startDate) VALUES (569 , 501 , 1, NULL, '2014-02-14 00:00:00.000')
INSERT scopeAction (actionId, scopeId, active, endDate, startDate) VALUES (569 , 502 , 1, NULL, '2014-02-14 00:00:00.000')
INSERT scopeAction (actionId, scopeId, active, endDate, startDate) VALUES (570 , 501 , 1, NULL, '2014-02-14 00:00:00.000')
INSERT scopeAction (actionId, scopeId, active, endDate, startDate) VALUES (570 , 502 , 1, NULL, '2014-02-14 00:00:00.000')
INSERT scopeAction (actionId, scopeId, active, endDate, startDate) VALUES (571 , 501 , 1, NULL, '2014-02-14 00:00:00.000')
INSERT scopeAction (actionId, scopeId, active, endDate, startDate) VALUES (571 , 502 , 1, NULL, '2014-02-14 00:00:00.000')
INSERT scopeAction (actionId, scopeId, active, endDate, startDate) VALUES (572 , 501 , 1, NULL, '2014-02-14 00:00:00.000')
INSERT scopeAction (actionId, scopeId, active, endDate, startDate) VALUES (572 , 502 , 1, NULL, '2014-02-14 00:00:00.000')
INSERT scopeAction (actionId, scopeId, active, endDate, startDate) VALUES (575 , 574 , 1, NULL, '2014-02-14 00:00:00.000')
INSERT scopeAction (actionId, scopeId, active, endDate, startDate) VALUES (580 , 537 , 1, NULL, '2014-02-14 00:00:00.000')
INSERT scopeAction (actionId, scopeId, active, endDate, startDate) VALUES (580 , 538 , 1, NULL, '2014-02-14 00:00:00.000')
INSERT scopeAction (actionId, scopeId, active, endDate, startDate) VALUES (581 , 537 , 1, NULL, '2014-02-14 00:00:00.000')
INSERT scopeAction (actionId, scopeId, active, endDate, startDate) VALUES (581 , 538 , 1, NULL, '2014-02-14 00:00:00.000')
INSERT scopeAction (actionId, scopeId, active, endDate, startDate) VALUES (582 , 537 , 1, NULL, '2014-02-14 00:00:00.000')
INSERT scopeAction (actionId, scopeId, active, endDate, startDate) VALUES (582 , 538 , 1, NULL, '2014-02-14 00:00:00.000')
INSERT scopeAction (actionId, scopeId, active, endDate, startDate) VALUES (583 , 537 , 1, NULL, '2014-02-14 00:00:00.000')
INSERT scopeAction (actionId, scopeId, active, endDate, startDate) VALUES (583 , 538 , 1, NULL, '2014-02-14 00:00:00.000')
INSERT scopeAction (actionId, scopeId, active, endDate, startDate) VALUES (584 , 541 , 1, NULL, '2014-02-14 00:00:00.000')
INSERT scopeAction (actionId, scopeId, active, endDate, startDate) VALUES (584 , 542 , 1, NULL, '2014-02-14 00:00:00.000')
INSERT scopeAction (actionId, scopeId, active, endDate, startDate) VALUES (584 , 549 , 1, NULL, '2014-02-14 00:00:00.000')
INSERT scopeAction (actionId, scopeId, active, endDate, startDate) VALUES (584 , 550 , 1, NULL, '2014-02-14 00:00:00.000')
INSERT scopeAction (actionId, scopeId, active, endDate, startDate) VALUES (585 , 541 , 1, NULL, '2014-02-14 00:00:00.000')
INSERT scopeAction (actionId, scopeId, active, endDate, startDate) VALUES (585 , 542 , 1, NULL, '2014-02-14 00:00:00.000')
INSERT scopeAction (actionId, scopeId, active, endDate, startDate) VALUES (585 , 549 , 1, NULL, '2014-02-14 00:00:00.000')
INSERT scopeAction (actionId, scopeId, active, endDate, startDate) VALUES (585 , 550 , 1, NULL, '2014-02-14 00:00:00.000')
INSERT scopeAction (actionId, scopeId, active, endDate, startDate) VALUES (586 , 541 , 1, NULL, '2014-02-14 00:00:00.000')
INSERT scopeAction (actionId, scopeId, active, endDate, startDate) VALUES (586 , 542 , 1, NULL, '2014-02-14 00:00:00.000')
INSERT scopeAction (actionId, scopeId, active, endDate, startDate) VALUES (587 , 541 , 1, NULL, '2014-02-14 00:00:00.000')
INSERT scopeAction (actionId, scopeId, active, endDate, startDate) VALUES (587 , 542 , 1, NULL, '2014-02-14 00:00:00.000')
INSERT scopeAction (actionId, scopeId, active, endDate, startDate) VALUES (588 , 541 , 1, NULL, '2014-02-14 00:00:00.000')
INSERT scopeAction (actionId, scopeId, active, endDate, startDate) VALUES (588 , 542 , 1, NULL, '2014-02-14 00:00:00.000')
INSERT scopeAction (actionId, scopeId, active, endDate, startDate) VALUES (589 , 513 , 1, NULL, '2014-02-14 00:00:00.000')
INSERT scopeAction (actionId, scopeId, active, endDate, startDate) VALUES (589 , 514 , 1, NULL, '2014-02-14 00:00:00.000')
INSERT scopeAction (actionId, scopeId, active, endDate, startDate) VALUES (590 , 513 , 1, NULL, '2014-02-14 00:00:00.000')
INSERT scopeAction (actionId, scopeId, active, endDate, startDate) VALUES (590 , 514 , 1, NULL, '2014-02-14 00:00:00.000')
INSERT scopeAction (actionId, scopeId, active, endDate, startDate) VALUES (591 , 513 , 1, NULL, '2014-02-14 00:00:00.000')
INSERT scopeAction (actionId, scopeId, active, endDate, startDate) VALUES (591 , 514 , 1, NULL, '2014-02-14 00:00:00.000')
INSERT scopeAction (actionId, scopeId, active, endDate, startDate) VALUES (592 , 513 , 1, NULL, '2014-02-14 00:00:00.000')
INSERT scopeAction (actionId, scopeId, active, endDate, startDate) VALUES (592 , 514 , 1, NULL, '2014-02-14 00:00:00.000')
INSERT scopeAction (actionId, scopeId, active, endDate, startDate) VALUES (593 , 513 , 1, NULL, '2014-02-14 00:00:00.000')
INSERT scopeAction (actionId, scopeId, active, endDate, startDate) VALUES (593 , 514 , 1, NULL, '2014-02-14 00:00:00.000')
INSERT scopeAction (actionId, scopeId, active, endDate, startDate) VALUES (594 , 535 , 1, NULL, '2014-02-14 00:00:00.000')
INSERT scopeAction (actionId, scopeId, active, endDate, startDate) VALUES (594 , 536 , 1, NULL, '2014-02-14 00:00:00.000')
INSERT scopeAction (actionId, scopeId, active, endDate, startDate) VALUES (595 , 535 , 1, NULL, '2014-02-14 00:00:00.000')
INSERT scopeAction (actionId, scopeId, active, endDate, startDate) VALUES (595 , 536 , 1, NULL, '2014-02-14 00:00:00.000')
INSERT scopeAction (actionId, scopeId, active, endDate, startDate) VALUES (596 , 535 , 1, NULL, '2014-02-14 00:00:00.000')
INSERT scopeAction (actionId, scopeId, active, endDate, startDate) VALUES (596 , 536 , 1, NULL, '2014-02-14 00:00:00.000')
INSERT scopeAction (actionId, scopeId, active, endDate, startDate) VALUES (597 , 535 , 1, NULL, '2014-02-14 00:00:00.000')
INSERT scopeAction (actionId, scopeId, active, endDate, startDate) VALUES (597 , 536 , 1, NULL, '2014-02-14 00:00:00.000')
INSERT scopeAction (actionId, scopeId, active, endDate, startDate) VALUES (598 , 541 , 1, NULL, '2014-02-14 00:00:00.000')
INSERT scopeAction (actionId, scopeId, active, endDate, startDate) VALUES (598 , 542 , 1, NULL, '2014-02-14 00:00:00.000')
INSERT scopeAction (actionId, scopeId, active, endDate, startDate) VALUES (599 , 541 , 1, NULL, '2014-02-14 00:00:00.000')
INSERT scopeAction (actionId, scopeId, active, endDate, startDate) VALUES (599 , 542 , 1, NULL, '2014-02-14 00:00:00.000')
INSERT scopeAction (actionId, scopeId, active, endDate, startDate) VALUES (600 , 529 , 1, NULL, '2014-02-14 00:00:00.000')
INSERT scopeAction (actionId, scopeId, active, endDate, startDate) VALUES (600 , 530 , 1, NULL, '2014-02-14 00:00:00.000')
INSERT scopeAction (actionId, scopeId, active, endDate, startDate) VALUES (601 , 529 , 1, NULL, '2014-02-14 00:00:00.000')
INSERT scopeAction (actionId, scopeId, active, endDate, startDate) VALUES (601 , 530 , 1, NULL, '2014-02-14 00:00:00.000')
INSERT scopeAction (actionId, scopeId, active, endDate, startDate) VALUES (602 , 504 , 1, NULL, '2014-02-14 00:00:00.000')
INSERT scopeAction (actionId, scopeId, active, endDate, startDate) VALUES (602 , 509 , 1, NULL, '2014-02-14 00:00:00.000')
INSERT scopeAction (actionId, scopeId, active, endDate, startDate) VALUES (602 , 510 , 1, NULL, '2014-02-14 00:00:00.000')
INSERT scopeAction (actionId, scopeId, active, endDate, startDate) VALUES (602 , 519 , 1, NULL, '2014-02-14 00:00:00.000')
INSERT scopeAction (actionId, scopeId, active, endDate, startDate) VALUES (602 , 521 , 1, NULL, '2014-02-14 00:00:00.000')
INSERT scopeAction (actionId, scopeId, active, endDate, startDate) VALUES (602 , 522 , 1, NULL, '2014-02-14 00:00:00.000')
INSERT scopeAction (actionId, scopeId, active, endDate, startDate) VALUES (602 , 523 , 1, NULL, '2014-02-14 00:00:00.000')
INSERT scopeAction (actionId, scopeId, active, endDate, startDate) VALUES (602 , 524 , 1, NULL, '2014-02-14 00:00:00.000')
INSERT scopeAction (actionId, scopeId, active, endDate, startDate) VALUES (602 , 525 , 1, NULL, '2014-02-14 00:00:00.000')
INSERT scopeAction (actionId, scopeId, active, endDate, startDate) VALUES (602 , 526 , 1, NULL, '2014-02-14 00:00:00.000')
INSERT scopeAction (actionId, scopeId, active, endDate, startDate) VALUES (603 , 509 , 1, NULL, '2014-02-14 00:00:00.000')
INSERT scopeAction (actionId, scopeId, active, endDate, startDate) VALUES (603 , 510 , 1, NULL, '2014-02-14 00:00:00.000')
INSERT scopeAction (actionId, scopeId, active, endDate, startDate) VALUES (604 , 509 , 1, NULL, '2014-02-14 00:00:00.000')
INSERT scopeAction (actionId, scopeId, active, endDate, startDate) VALUES (604 , 510 , 1, NULL, '2014-02-14 00:00:00.000')
INSERT scopeAction (actionId, scopeId, active, endDate, startDate) VALUES (605 , 509 , 1, NULL, '2014-02-14 00:00:00.000')
INSERT scopeAction (actionId, scopeId, active, endDate, startDate) VALUES (605 , 510 , 1, NULL, '2014-02-14 00:00:00.000')
INSERT scopeAction (actionId, scopeId, active, endDate, startDate) VALUES (606 , 504 , 1, NULL, '2014-02-14 00:00:00.000')
INSERT scopeAction (actionId, scopeId, active, endDate, startDate) VALUES (606 , 519 , 1, NULL, '2014-02-14 00:00:00.000')
INSERT scopeAction (actionId, scopeId, active, endDate, startDate) VALUES (607 , 504 , 1, NULL, '2014-02-14 00:00:00.000')
INSERT scopeAction (actionId, scopeId, active, endDate, startDate) VALUES (607 , 519 , 1, NULL, '2014-02-14 00:00:00.000')
INSERT scopeAction (actionId, scopeId, active, endDate, startDate) VALUES (608 , 504 , 1, NULL, '2014-02-14 00:00:00.000')
INSERT scopeAction (actionId, scopeId, active, endDate, startDate) VALUES (608 , 519 , 1, NULL, '2014-02-14 00:00:00.000')
INSERT scopeAction (actionId, scopeId, active, endDate, startDate) VALUES (609 , 521 , 1, NULL, '2014-02-14 00:00:00.000')
INSERT scopeAction (actionId, scopeId, active, endDate, startDate) VALUES (609 , 522 , 1, NULL, '2014-02-14 00:00:00.000')
INSERT scopeAction (actionId, scopeId, active, endDate, startDate) VALUES (610 , 521 , 1, NULL, '2014-02-14 00:00:00.000')

INSERT scopeAction (actionId, scopeId, active, endDate, startDate) VALUES (610 , 522 , 1, NULL, '2014-02-14 00:00:00.000')
INSERT scopeAction (actionId, scopeId, active, endDate, startDate) VALUES (611 , 521 , 1, NULL, '2014-02-14 00:00:00.000')
INSERT scopeAction (actionId, scopeId, active, endDate, startDate) VALUES (611 , 522 , 1, NULL, '2014-02-14 00:00:00.000')
INSERT scopeAction (actionId, scopeId, active, endDate, startDate) VALUES (612 , 521 , 1, NULL, '2014-02-14 00:00:00.000')
INSERT scopeAction (actionId, scopeId, active, endDate, startDate) VALUES (612 , 522 , 1, NULL, '2014-02-14 00:00:00.000')
INSERT scopeAction (actionId, scopeId, active, endDate, startDate) VALUES (613 , 521 , 1, NULL, '2014-02-14 00:00:00.000')
INSERT scopeAction (actionId, scopeId, active, endDate, startDate) VALUES (613 , 522 , 1, NULL, '2014-02-14 00:00:00.000')
INSERT scopeAction (actionId, scopeId, active, endDate, startDate) VALUES (614 , 521 , 1, NULL, '2014-02-14 00:00:00.000')
INSERT scopeAction (actionId, scopeId, active, endDate, startDate) VALUES (614 , 522 , 1, NULL, '2014-02-14 00:00:00.000')
INSERT scopeAction (actionId, scopeId, active, endDate, startDate) VALUES (615 , 521 , 1, NULL, '2014-02-14 00:00:00.000')
INSERT scopeAction (actionId, scopeId, active, endDate, startDate) VALUES (615 , 522 , 1, NULL, '2014-02-14 00:00:00.000')
INSERT scopeAction (actionId, scopeId, active, endDate, startDate) VALUES (616 , 521 , 1, NULL, '2014-02-14 00:00:00.000')
INSERT scopeAction (actionId, scopeId, active, endDate, startDate) VALUES (616 , 522 , 1, NULL, '2014-02-14 00:00:00.000')
INSERT scopeAction (actionId, scopeId, active, endDate, startDate) VALUES (617 , 521 , 1, NULL, '2014-02-14 00:00:00.000')
INSERT scopeAction (actionId, scopeId, active, endDate, startDate) VALUES (617 , 522 , 1, NULL, '2014-02-14 00:00:00.000')
INSERT scopeAction (actionId, scopeId, active, endDate, startDate) VALUES (618 , 521 , 1, NULL, '2014-02-14 00:00:00.000')
INSERT scopeAction (actionId, scopeId, active, endDate, startDate) VALUES (618 , 522 , 1, NULL, '2014-02-14 00:00:00.000')
INSERT scopeAction (actionId, scopeId, active, endDate, startDate) VALUES (619 , 523 , 1, NULL, '2014-02-14 00:00:00.000')
INSERT scopeAction (actionId, scopeId, active, endDate, startDate) VALUES (619 , 524 , 1, NULL, '2014-02-14 00:00:00.000')
INSERT scopeAction (actionId, scopeId, active, endDate, startDate) VALUES (620 , 523 , 1, NULL, '2014-02-14 00:00:00.000')
INSERT scopeAction (actionId, scopeId, active, endDate, startDate) VALUES (620 , 524 , 1, NULL, '2014-02-14 00:00:00.000')
INSERT scopeAction (actionId, scopeId, active, endDate, startDate) VALUES (621 , 523 , 1, NULL, '2014-02-14 00:00:00.000')
INSERT scopeAction (actionId, scopeId, active, endDate, startDate) VALUES (621 , 524 , 1, NULL, '2014-02-14 00:00:00.000')
INSERT scopeAction (actionId, scopeId, active, endDate, startDate) VALUES (622 , 574 , 1, NULL, '2014-02-14 00:00:00.000')
INSERT scopeAction (actionId, scopeId, active, endDate, startDate) VALUES (623 , 574 , 1, NULL, '2014-02-14 00:00:00.000')
INSERT scopeAction (actionId, scopeId, active, endDate, startDate) VALUES (624 , 574 , 1, NULL, '2014-02-14 00:00:00.000')
INSERT scopeAction (actionId, scopeId, active, endDate, startDate) VALUES (625 , 525 , 1, NULL, '2014-02-14 00:00:00.000')
INSERT scopeAction (actionId, scopeId, active, endDate, startDate) VALUES (625 , 526 , 1, NULL, '2014-02-14 00:00:00.000')
INSERT scopeAction (actionId, scopeId, active, endDate, startDate) VALUES (626 , 525 , 1, NULL, '2014-02-14 00:00:00.000')
INSERT scopeAction (actionId, scopeId, active, endDate, startDate) VALUES (626 , 526 , 1, NULL, '2014-02-14 00:00:00.000')
INSERT scopeAction (actionId, scopeId, active, endDate, startDate) VALUES (627 , 525 , 1, NULL, '2014-02-14 00:00:00.000')
INSERT scopeAction (actionId, scopeId, active, endDate, startDate) VALUES (627 , 526 , 1, NULL, '2014-02-14 00:00:00.000')
INSERT scopeAction (actionId, scopeId, active, endDate, startDate) VALUES (628 , 545 , 1, NULL, '2014-02-14 00:00:00.000')
INSERT scopeAction (actionId, scopeId, active, endDate, startDate) VALUES (628 , 546 , 1, NULL, '2014-02-14 00:00:00.000')
INSERT scopeAction (actionId, scopeId, active, endDate, startDate) VALUES (629 , 545 , 1, NULL, '2014-02-14 00:00:00.000')
INSERT scopeAction (actionId, scopeId, active, endDate, startDate) VALUES (629 , 546 , 1, NULL, '2014-02-14 00:00:00.000')
INSERT scopeAction (actionId, scopeId, active, endDate, startDate) VALUES (630 , 545 , 1, NULL, '2014-02-14 00:00:00.000')
INSERT scopeAction (actionId, scopeId, active, endDate, startDate) VALUES (630 , 546 , 1, NULL, '2014-02-14 00:00:00.000')
INSERT scopeAction (actionId, scopeId, active, endDate, startDate) VALUES (631 , 545 , 1, NULL, '2014-02-14 00:00:00.000')
INSERT scopeAction (actionId, scopeId, active, endDate, startDate) VALUES (631 , 546 , 1, NULL, '2014-02-14 00:00:00.000')
INSERT scopeAction (actionId, scopeId, active, endDate, startDate) VALUES (632 , 545 , 1, NULL, '2014-02-14 00:00:00.000')
INSERT scopeAction (actionId, scopeId, active, endDate, startDate) VALUES (632 , 546 , 1, NULL, '2014-02-14 00:00:00.000')
INSERT scopeAction (actionId, scopeId, active, endDate, startDate) VALUES (633 , 545 , 1, NULL, '2014-02-14 00:00:00.000')
INSERT scopeAction (actionId, scopeId, active, endDate, startDate) VALUES (633 , 546 , 1, NULL, '2014-02-14 00:00:00.000')
INSERT scopeAction (actionId, scopeId, active, endDate, startDate) VALUES (634 , 545 , 1, NULL, '2014-02-14 00:00:00.000')
INSERT scopeAction (actionId, scopeId, active, endDate, startDate) VALUES (634 , 546 , 1, NULL, '2014-02-14 00:00:00.000')
INSERT scopeAction (actionId, scopeId, active, endDate, startDate) VALUES (635 , 545 , 1, NULL, '2014-02-14 00:00:00.000')
INSERT scopeAction (actionId, scopeId, active, endDate, startDate) VALUES (635 , 546 , 1, NULL, '2014-02-14 00:00:00.000')
INSERT scopeAction (actionId, scopeId, active, endDate, startDate) VALUES (636 , 545 , 1, NULL, '2014-02-14 00:00:00.000')
INSERT scopeAction (actionId, scopeId, active, endDate, startDate) VALUES (636 , 546 , 1, NULL, '2014-02-14 00:00:00.000')
INSERT scopeAction (actionId, scopeId, active, endDate, startDate) VALUES (637 , 545 , 1, NULL, '2014-02-14 00:00:00.000')
INSERT scopeAction (actionId, scopeId, active, endDate, startDate) VALUES (637 , 546 , 1, NULL, '2014-02-14 00:00:00.000')
INSERT scopeAction (actionId, scopeId, active, endDate, startDate) VALUES (638 , 545 , 1, NULL, '2014-02-14 00:00:00.000')
INSERT scopeAction (actionId, scopeId, active, endDate, startDate) VALUES (638 , 546 , 1, NULL, '2014-02-14 00:00:00.000')
INSERT scopeAction (actionId, scopeId, active, endDate, startDate) VALUES (639 , 545 , 1, NULL, '2014-02-14 00:00:00.000')
INSERT scopeAction (actionId, scopeId, active, endDate, startDate) VALUES (639 , 546 , 1, NULL, '2014-02-14 00:00:00.000')
INSERT scopeAction (actionId, scopeId, active, endDate, startDate) VALUES (640 , 545 , 1, NULL, '2014-02-14 00:00:00.000')
INSERT scopeAction (actionId, scopeId, active, endDate, startDate) VALUES (640 , 546 , 1, NULL, '2014-02-14 00:00:00.000')
INSERT scopeAction (actionId, scopeId, active, endDate, startDate) VALUES (641 , 545 , 1, NULL, '2014-02-14 00:00:00.000')
INSERT scopeAction (actionId, scopeId, active, endDate, startDate) VALUES (641 , 546 , 1, NULL, '2014-02-14 00:00:00.000')
INSERT scopeAction (actionId, scopeId, active, endDate, startDate) VALUES (642 , 545 , 1, NULL, '2014-02-14 00:00:00.000')
INSERT scopeAction (actionId, scopeId, active, endDate, startDate) VALUES (642 , 546 , 1, NULL, '2014-02-14 00:00:00.000')
INSERT scopeAction (actionId, scopeId, active, endDate, startDate) VALUES (643 , 545 , 1, NULL, '2014-02-14 00:00:00.000')
INSERT scopeAction (actionId, scopeId, active, endDate, startDate) VALUES (643 , 546 , 1, NULL, '2014-02-14 00:00:00.000')
INSERT scopeAction (actionId, scopeId, active, endDate, startDate) VALUES (644 , 545 , 1, NULL, '2014-02-14 00:00:00.000')
INSERT scopeAction (actionId, scopeId, active, endDate, startDate) VALUES (644 , 546 , 1, NULL, '2014-02-14 00:00:00.000')
INSERT scopeAction (actionId, scopeId, active, endDate, startDate) VALUES (645 , 545 , 1, NULL, '2014-02-14 00:00:00.000')
INSERT scopeAction (actionId, scopeId, active, endDate, startDate) VALUES (645 , 546 , 1, NULL, '2014-02-14 00:00:00.000')
INSERT scopeAction (actionId, scopeId, active, endDate, startDate) VALUES (646 , 545 , 1, NULL, '2014-02-14 00:00:00.000')
INSERT scopeAction (actionId, scopeId, active, endDate, startDate) VALUES (646 , 546 , 1, NULL, '2014-02-14 00:00:00.000')
INSERT scopeAction (actionId, scopeId, active, endDate, startDate) VALUES (647 , 545 , 1, NULL, '2014-02-14 00:00:00.000')
INSERT scopeAction (actionId, scopeId, active, endDate, startDate) VALUES (647 , 546 , 1, NULL, '2014-02-14 00:00:00.000')
INSERT scopeAction (actionId, scopeId, active, endDate, startDate) VALUES (648 , 545 , 1, NULL, '2014-02-14 00:00:00.000')
INSERT scopeAction (actionId, scopeId, active, endDate, startDate) VALUES (648 , 546 , 1, NULL, '2014-02-14 00:00:00.000')
INSERT scopeAction (actionId, scopeId, active, endDate, startDate) VALUES (649 , 545 , 1, NULL, '2014-02-14 00:00:00.000')
INSERT scopeAction (actionId, scopeId, active, endDate, startDate) VALUES (649 , 546 , 1, NULL, '2014-02-14 00:00:00.000')
INSERT scopeAction (actionId, scopeId, active, endDate, startDate) VALUES (650 , 545 , 1, NULL, '2014-02-14 00:00:00.000')
INSERT scopeAction (actionId, scopeId, active, endDate, startDate) VALUES (650 , 546 , 1, NULL, '2014-02-14 00:00:00.000')
INSERT scopeAction (actionId, scopeId, active, endDate, startDate) VALUES (651 , 529 , 1, NULL, '2014-02-14 00:00:00.000')
INSERT scopeAction (actionId, scopeId, active, endDate, startDate) VALUES (651 , 530 , 1, NULL, '2014-02-14 00:00:00.000')
INSERT scopeAction (actionId, scopeId, active, endDate, startDate) VALUES (652 , 529 , 1, NULL, '2014-02-14 00:00:00.000')
INSERT scopeAction (actionId, scopeId, active, endDate, startDate) VALUES (652 , 530 , 1, NULL, '2014-02-14 00:00:00.000')
INSERT scopeAction (actionId, scopeId, active, endDate, startDate) VALUES (653 , 529 , 1, NULL, '2014-02-14 00:00:00.000')
INSERT scopeAction (actionId, scopeId, active, endDate, startDate) VALUES (653 , 530 , 1, NULL, '2014-02-14 00:00:00.000')
INSERT scopeAction (actionId, scopeId, active, endDate, startDate) VALUES (654 , 531 , 1, NULL, '2014-02-14 00:00:00.000')
INSERT scopeAction (actionId, scopeId, active, endDate, startDate) VALUES (654 , 532 , 1, NULL, '2014-02-14 00:00:00.000')
INSERT scopeAction (actionId, scopeId, active, endDate, startDate) VALUES (655 , 531 , 1, NULL, '2014-02-14 00:00:00.000')
INSERT scopeAction (actionId, scopeId, active, endDate, startDate) VALUES (655 , 532 , 1, NULL, '2014-02-14 00:00:00.000')
INSERT scopeAction (actionId, scopeId, active, endDate, startDate) VALUES (656 , 531 , 1, NULL, '2014-02-14 00:00:00.000')
INSERT scopeAction (actionId, scopeId, active, endDate, startDate) VALUES (656 , 532 , 1, NULL, '2014-02-14 00:00:00.000')
INSERT scopeAction (actionId, scopeId, active, endDate, startDate) VALUES (657 , 531 , 1, NULL, '2014-02-14 00:00:00.000')
INSERT scopeAction (actionId, scopeId, active, endDate, startDate) VALUES (657 , 532 , 1, NULL, '2014-02-14 00:00:00.000')
INSERT scopeAction (actionId, scopeId, active, endDate, startDate) VALUES (658 , 531 , 1, NULL, '2014-02-14 00:00:00.000')
INSERT scopeAction (actionId, scopeId, active, endDate, startDate) VALUES (658 , 532 , 1, NULL, '2014-02-14 00:00:00.000')
INSERT scopeAction (actionId, scopeId, active, endDate, startDate) VALUES (659 , 531 , 1, NULL, '2014-02-14 00:00:00.000')
INSERT scopeAction (actionId, scopeId, active, endDate, startDate) VALUES (659 , 532 , 1, NULL, '2014-02-14 00:00:00.000')
INSERT scopeAction (actionId, scopeId, active, endDate, startDate) VALUES (660 , 529 , 1, NULL, '2014-02-14 00:00:00.000')
INSERT scopeAction (actionId, scopeId, active, endDate, startDate) VALUES (660 , 530 , 1, NULL, '2014-02-14 00:00:00.000')
INSERT scopeAction (actionId, scopeId, active, endDate, startDate) VALUES (661 , 529 , 1, NULL, '2014-02-14 00:00:00.000')
INSERT scopeAction (actionId, scopeId, active, endDate, startDate) VALUES (661 , 530 , 1, NULL, '2014-02-14 00:00:00.000')

INSERT scopeAction (actionId, scopeId, active, endDate, startDate) VALUES (662 , 529 , 1, NULL, '2014-02-14 00:00:00.000')
INSERT scopeAction (actionId, scopeId, active, endDate, startDate) VALUES (662 , 530 , 1, NULL, '2014-02-14 00:00:00.000')
INSERT scopeAction (actionId, scopeId, active, endDate, startDate) VALUES (663 , 529 , 1, NULL, '2014-02-14 00:00:00.000')
INSERT scopeAction (actionId, scopeId, active, endDate, startDate) VALUES (663 , 530 , 1, NULL, '2014-02-14 00:00:00.000')
INSERT scopeAction (actionId, scopeId, active, endDate, startDate) VALUES (664 , 507 , 1, NULL, '2014-02-14 00:00:00.000')
INSERT scopeAction (actionId, scopeId, active, endDate, startDate) VALUES (664 , 508 , 1, NULL, '2014-02-14 00:00:00.000')
INSERT scopeAction (actionId, scopeId, active, endDate, startDate) VALUES (665 , 507 , 1, NULL, '2014-02-14 00:00:00.000')
INSERT scopeAction (actionId, scopeId, active, endDate, startDate) VALUES (665 , 508 , 1, NULL, '2014-02-14 00:00:00.000')
INSERT scopeAction (actionId, scopeId, active, endDate, startDate) VALUES (666 , 507 , 1, NULL, '2014-02-14 00:00:00.000')
INSERT scopeAction (actionId, scopeId, active, endDate, startDate) VALUES (666 , 508 , 1, NULL, '2014-02-14 00:00:00.000')
INSERT scopeAction (actionId, scopeId, active, endDate, startDate) VALUES (667 , 507 , 1, NULL, '2014-02-14 00:00:00.000')
INSERT scopeAction (actionId, scopeId, active, endDate, startDate) VALUES (667 , 508 , 1, NULL, '2014-02-14 00:00:00.000')
INSERT scopeAction (actionId, scopeId, active, endDate, startDate) VALUES (668 , 507 , 1, NULL, '2014-02-14 00:00:00.000')
INSERT scopeAction (actionId, scopeId, active, endDate, startDate) VALUES (668 , 508 , 1, NULL, '2014-02-14 00:00:00.000')
INSERT scopeAction (actionId, scopeId, active, endDate, startDate) VALUES (669 , 507 , 1, NULL, '2014-02-14 00:00:00.000')
INSERT scopeAction (actionId, scopeId, active, endDate, startDate) VALUES (669 , 508 , 1, NULL, '2014-02-14 00:00:00.000')
INSERT scopeAction (actionId, scopeId, active, endDate, startDate) VALUES (670 , 507 , 1, NULL, '2014-02-14 00:00:00.000')
INSERT scopeAction (actionId, scopeId, active, endDate, startDate) VALUES (670 , 508 , 1, NULL, '2014-02-14 00:00:00.000')
INSERT scopeAction (actionId, scopeId, active, endDate, startDate) VALUES (671 , 549 , 1, NULL, '2014-02-14 00:00:00.000')
INSERT scopeAction (actionId, scopeId, active, endDate, startDate) VALUES (671 , 550 , 1, NULL, '2014-02-14 00:00:00.000')
INSERT scopeAction (actionId, scopeId, active, endDate, startDate) VALUES (672 , 551 , 1, NULL, '2014-02-14 00:00:00.000')
INSERT scopeAction (actionId, scopeId, active, endDate, startDate) VALUES (672 , 552 , 1, NULL, '2014-02-14 00:00:00.000')
INSERT scopeAction (actionId, scopeId, active, endDate, startDate) VALUES (673 , 517 , 1, NULL, '2014-02-14 00:00:00.000')
INSERT scopeAction (actionId, scopeId, active, endDate, startDate) VALUES (673 , 518 , 1, NULL, '2014-02-14 00:00:00.000')
INSERT scopeAction (actionId, scopeId, active, endDate, startDate) VALUES (674 , 517 , 1, NULL, '2014-02-14 00:00:00.000')
INSERT scopeAction (actionId, scopeId, active, endDate, startDate) VALUES (674 , 518 , 1, NULL, '2014-02-14 00:00:00.000')
INSERT scopeAction (actionId, scopeId, active, endDate, startDate) VALUES (675 , 517 , 1, NULL, '2014-02-14 00:00:00.000')
INSERT scopeAction (actionId, scopeId, active, endDate, startDate) VALUES (676 , 529 , 1, NULL, '2014-02-14 00:00:00.000')
INSERT scopeAction (actionId, scopeId, active, endDate, startDate) VALUES (676 , 530 , 1, NULL, '2014-02-14 00:00:00.000')
INSERT scopeAction (actionId, scopeId, active, endDate, startDate) VALUES (676 , 553 , 1, NULL, '2014-02-14 00:00:00.000')
INSERT scopeAction (actionId, scopeId, active, endDate, startDate) VALUES (676 , 554 , 1, NULL, '2014-02-14 00:00:00.000')
INSERT scopeAction (actionId, scopeId, active, endDate, startDate) VALUES (676 , 555 , 1, NULL, '2014-02-14 00:00:00.000')
INSERT scopeAction (actionId, scopeId, active, endDate, startDate) VALUES (676 , 556 , 1, NULL, '2014-02-14 00:00:00.000')
INSERT scopeAction (actionId, scopeId, active, endDate, startDate) VALUES (677 , 517 , 1, NULL, '2014-02-14 00:00:00.000')
INSERT scopeAction (actionId, scopeId, active, endDate, startDate) VALUES (677 , 518 , 1, NULL, '2014-02-14 00:00:00.000')
INSERT scopeAction (actionId, scopeId, active, endDate, startDate) VALUES (677 , 529 , 1, NULL, '2014-02-14 00:00:00.000')
INSERT scopeAction (actionId, scopeId, active, endDate, startDate) VALUES (677 , 530 , 1, NULL, '2014-02-14 00:00:00.000')
INSERT scopeAction (actionId, scopeId, active, endDate, startDate) VALUES (677 , 553 , 1, NULL, '2014-02-14 00:00:00.000')
INSERT scopeAction (actionId, scopeId, active, endDate, startDate) VALUES (677 , 554 , 1, NULL, '2014-02-14 00:00:00.000')
INSERT scopeAction (actionId, scopeId, active, endDate, startDate) VALUES (677 , 555 , 1, NULL, '2014-02-14 00:00:00.000')
INSERT scopeAction (actionId, scopeId, active, endDate, startDate) VALUES (677 , 556 , 1, NULL, '2014-02-14 00:00:00.000')
INSERT scopeAction (actionId, scopeId, active, endDate, startDate) VALUES (678 , 561 , 1, NULL, '2014-02-14 00:00:00.000')
INSERT scopeAction (actionId, scopeId, active, endDate, startDate) VALUES (678 , 562 , 1, NULL, '2014-02-14 00:00:00.000')
INSERT scopeAction (actionId, scopeId, active, endDate, startDate) VALUES (679 , 565 , 1, NULL, '2014-02-14 00:00:00.000')
INSERT scopeAction (actionId, scopeId, active, endDate, startDate) VALUES (679 , 566 , 1, NULL, '2014-02-14 00:00:00.000')
INSERT scopeAction (actionId, scopeId, active, endDate, startDate) VALUES (680 , 565 , 1, NULL, '2014-02-14 00:00:00.000')
INSERT scopeAction (actionId, scopeId, active, endDate, startDate) VALUES (680 , 566 , 1, NULL, '2014-02-14 00:00:00.000')
INSERT scopeAction (actionId, scopeId, active, endDate, startDate) VALUES (681 , 563 , 1, NULL, '2014-02-14 00:00:00.000')
INSERT scopeAction (actionId, scopeId, active, endDate, startDate) VALUES (681 , 564 , 1, NULL, '2014-02-14 00:00:00.000')
INSERT scopeAction (actionId, scopeId, active, endDate, startDate) VALUES (682 , 563 , 1, NULL, '2014-02-14 00:00:00.000')
INSERT scopeAction (actionId, scopeId, active, endDate, startDate) VALUES (682 , 564 , 1, NULL, '2014-02-14 00:00:00.000')
INSERT scopeAction (actionId, scopeId, active, endDate, startDate) VALUES (683 , 563 , 1, NULL, '2014-02-14 00:00:00.000')
INSERT scopeAction (actionId, scopeId, active, endDate, startDate) VALUES (683 , 564 , 1, NULL, '2014-02-14 00:00:00.000')
INSERT scopeAction (actionId, scopeId, active, endDate, startDate) VALUES (684 , 529 , 1, NULL, '2014-02-14 00:00:00.000')
INSERT scopeAction (actionId, scopeId, active, endDate, startDate) VALUES (684 , 530 , 1, NULL, '2014-02-14 00:00:00.000')
INSERT scopeAction (actionId, scopeId, active, endDate, startDate) VALUES (686 , 557 , 1, NULL, '2014-02-14 00:00:00.000')
INSERT scopeAction (actionId, scopeId, active, endDate, startDate) VALUES (686 , 558 , 1, NULL, '2014-02-14 00:00:00.000')
INSERT scopeAction (actionId, scopeId, active, endDate, startDate) VALUES (687 , 557 , 1, NULL, '2014-02-14 00:00:00.000')
INSERT scopeAction (actionId, scopeId, active, endDate, startDate) VALUES (687 , 558 , 1, NULL, '2014-02-14 00:00:00.000')
INSERT scopeAction (actionId, scopeId, active, endDate, startDate) VALUES (688 , 557 , 1, NULL, '2014-02-14 00:00:00.000')
INSERT scopeAction (actionId, scopeId, active, endDate, startDate) VALUES (688 , 558 , 1, NULL, '2014-02-14 00:00:00.000')
INSERT scopeAction (actionId, scopeId, active, endDate, startDate) VALUES (689 , 557 , 1, NULL, '2014-02-14 00:00:00.000')
INSERT scopeAction (actionId, scopeId, active, endDate, startDate) VALUES (689 , 558 , 1, NULL, '2014-02-14 00:00:00.000')
INSERT scopeAction (actionId, scopeId, active, endDate, startDate) VALUES (690 , 529 , 1, NULL, '2014-02-14 00:00:00.000')
INSERT scopeAction (actionId, scopeId, active, endDate, startDate) VALUES (690 , 530 , 1, NULL, '2014-02-14 00:00:00.000')
INSERT scopeAction (actionId, scopeId, active, endDate, startDate) VALUES (693 , 551 , 1, NULL, '2014-02-14 00:00:00.000')
INSERT scopeAction (actionId, scopeId, active, endDate, startDate) VALUES (693 , 552 , 1, NULL, '2014-02-14 00:00:00.000')
INSERT scopeAction (actionId, scopeId, active, endDate, startDate) VALUES (694 , 574 , 1, NULL, '2014-02-14 00:00:00.000')
INSERT scopeAction (actionId, scopeId, active, endDate, startDate) VALUES (695 , 574 , 1, NULL, '2014-02-14 00:00:00.000')
INSERT scopeAction (actionId, scopeId, active, endDate, startDate) VALUES (696 , 574 , 1, NULL, '2014-02-14 00:00:00.000')
INSERT scopeAction (actionId, scopeId, active, endDate, startDate) VALUES (699 , 574 , 1, NULL, '2014-02-14 00:00:00.000')
INSERT scopeAction (actionId, scopeId, active, endDate, startDate) VALUES (701 , 521 , 1, NULL, '2014-02-14 00:00:00.000')
INSERT scopeAction (actionId, scopeId, active, endDate, startDate) VALUES (701 , 522 , 1, NULL, '2014-02-14 00:00:00.000')
INSERT scopeAction (actionId, scopeId, active, endDate, startDate) VALUES (702 , 521 , 1, NULL, '2014-02-14 00:00:00.000')
INSERT scopeAction (actionId, scopeId, active, endDate, startDate) VALUES (702 , 522 , 1, NULL, '2014-02-14 00:00:00.000')
INSERT scopeAction (actionId, scopeId, active, endDate, startDate) VALUES (703 , 521 , 1, NULL, '2014-02-14 00:00:00.000')
INSERT scopeAction (actionId, scopeId, active, endDate, startDate) VALUES (703 , 522 , 1, NULL, '2014-02-14 00:00:00.000')
INSERT scopeAction (actionId, scopeId, active, endDate, startDate) VALUES (704 , 521 , 1, NULL, '2014-02-14 00:00:00.000')
INSERT scopeAction (actionId, scopeId, active, endDate, startDate) VALUES (704 , 522 , 1, NULL, '2014-02-14 00:00:00.000')
INSERT scopeAction (actionId, scopeId, active, endDate, startDate) VALUES (705 , 521 , 1, NULL, '2014-02-14 00:00:00.000')
INSERT scopeAction (actionId, scopeId, active, endDate, startDate) VALUES (705 , 522 , 1, NULL, '2014-02-14 00:00:00.000')
INSERT scopeAction (actionId, scopeId, active, endDate, startDate) VALUES (711 , 527 , 1, NULL, '2014-02-14 00:00:00.000')
INSERT scopeAction (actionId, scopeId, active, endDate, startDate) VALUES (711 , 528 , 1, NULL, '2014-02-14 00:00:00.000')
INSERT scopeAction (actionId, scopeId, active, endDate, startDate) VALUES (712 , 527 , 1, NULL, '2014-02-14 00:00:00.000')
INSERT scopeAction (actionId, scopeId, active, endDate, startDate) VALUES (712 , 528 , 1, NULL, '2014-02-14 00:00:00.000')
INSERT scopeAction (actionId, scopeId, active, endDate, startDate) VALUES (713 , 574 , 1, NULL, '2014-02-14 00:00:00.000')
INSERT scopeAction (actionId, scopeId, active, endDate, startDate) VALUES (714 , 574 , 1, NULL, '2014-02-14 00:00:00.000')
INSERT scopeAction (actionId, scopeId, active, endDate, startDate) VALUES (715 , 574 , 1, NULL, '2014-02-14 00:00:00.000')
INSERT scopeAction (actionId, scopeId, active, endDate, startDate) VALUES (716 , 574 , 1, NULL, '2014-02-14 00:00:00.000')
INSERT scopeAction (actionId, scopeId, active, endDate, startDate) VALUES (718 , 574 , 1, NULL, '2014-02-14 00:00:00.000')
INSERT scopeAction (actionId, scopeId, active, endDate, startDate) VALUES (719 , 574 , 1, NULL, '2014-02-14 00:00:00.000')
INSERT scopeAction (actionId, scopeId, active, endDate, startDate) VALUES (720 , 548 , 1, NULL, '2014-02-14 00:00:00.000')
INSERT scopeAction (actionId, scopeId, active, endDate, startDate) VALUES (720 , 574 , 1, NULL, '2014-02-14 00:00:00.000')
INSERT scopeAction (actionId, scopeId, active, endDate, startDate) VALUES (722 , 574 , 1, NULL, '2014-02-14 00:00:00.000')
INSERT scopeAction (actionId, scopeId, active, endDate, startDate) VALUES (723 , 574 , 1, NULL, '2014-02-14 00:00:00.000')
INSERT scopeAction (actionId, scopeId, active, endDate, startDate) VALUES (726 , 574 , 1, NULL, '2014-02-14 00:00:00.000')
INSERT scopeAction (actionId, scopeId, active, endDate, startDate) VALUES (727 , 574 , 1, NULL, '2014-02-14 00:00:00.000')
INSERT scopeAction (actionId, scopeId, active, endDate, startDate) VALUES (728 , 548 , 1, NULL, '2014-02-14 00:00:00.000')
INSERT scopeAction (actionId, scopeId, active, endDate, startDate) VALUES (728 , 574 , 1, NULL, '2014-02-14 00:00:00.000')
INSERT scopeAction (actionId, scopeId, active, endDate, startDate) VALUES (729 , 574 , 1, NULL, '2014-02-14 00:00:00.000')

INSERT scopeAction (actionId, scopeId, active, endDate, startDate) VALUES (730 , 574 , 1, NULL, '2014-02-14 00:00:00.000')
INSERT scopeAction (actionId, scopeId, active, endDate, startDate) VALUES (731 , 574 , 1, NULL, '2014-02-14 00:00:00.000')
INSERT scopeAction (actionId, scopeId, active, endDate, startDate) VALUES (732 , 574 , 1, NULL, '2014-02-14 00:00:00.000')
INSERT scopeAction (actionId, scopeId, active, endDate, startDate) VALUES (733 , 574 , 1, NULL, '2014-02-14 00:00:00.000')
INSERT scopeAction (actionId, scopeId, active, endDate, startDate) VALUES (734 , 574 , 1, NULL, '2014-02-14 00:00:00.000')
INSERT scopeAction (actionId, scopeId, active, endDate, startDate) VALUES (735 , 513 , 1, NULL, '2014-02-14 00:00:00.000')
INSERT scopeAction (actionId, scopeId, active, endDate, startDate) VALUES (735 , 514 , 1, NULL, '2014-02-14 00:00:00.000')
INSERT scopeAction (actionId, scopeId, active, endDate, startDate) VALUES (736 , 543 , 1, NULL, '2014-02-14 00:00:00.000')
INSERT scopeAction (actionId, scopeId, active, endDate, startDate) VALUES (736 , 544 , 1, NULL, '2014-02-14 00:00:00.000')
INSERT scopeAction (actionId, scopeId, active, endDate, startDate) VALUES (737 , 543 , 1, NULL, '2014-02-14 00:00:00.000')
INSERT scopeAction (actionId, scopeId, active, endDate, startDate) VALUES (737 , 544 , 1, NULL, '2014-02-14 00:00:00.000')

INSERT scopeAction (actionId, scopeId, active, endDate, startDate) VALUES (740 , 541 , 1, NULL, '2014-02-14 00:00:00.000')
INSERT scopeAction (actionId, scopeId, active, endDate, startDate) VALUES (741 , 507 , 1, NULL, '2014-02-14 00:00:00.000')
INSERT scopeAction (actionId, scopeId, active, endDate, startDate) VALUES (742 , 517 , 1, NULL, '2014-02-14 00:00:00.000')
INSERT scopeAction (actionId, scopeId, active, endDate, startDate) VALUES (743 , 565 , 1, NULL, '2014-02-14 00:00:00.000')
INSERT scopeAction (actionId, scopeId, active, endDate, startDate) VALUES (744 , 574 , 1, NULL, '2014-02-14 00:00:00.000')
INSERT scopeAction (actionId, scopeId, active, endDate, startDate) VALUES (745 , 574 , 1, NULL, '2014-02-14 00:00:00.000')
INSERT scopeAction (actionId, scopeId, active, endDate, startDate) VALUES (746 , 574 , 1, NULL, '2014-02-14 00:00:00.000')
INSERT scopeAction (actionId, scopeId, active, endDate, startDate) VALUES (747 , 574 , 1, NULL, '2014-02-14 00:00:00.000')

INSERT client_scope (Client_id, scopes_id) VALUES (2 , 2)
INSERT client_scope (Client_id, scopes_id) VALUES (3 , 2)
INSERT client_scope (Client_id, scopes_id) VALUES (2 , 21)
INSERT client_scope (Client_id, scopes_id) VALUES (1 , 2)
INSERT client_scope (Client_id, scopes_id) VALUES (1 , 3)
INSERT client_scope (Client_id, scopes_id) VALUES (5 , 21)
INSERT client_scope (Client_id, scopes_id) VALUES (6 , 509)
INSERT client_scope (Client_id, scopes_id) VALUES (6 , 511)
INSERT client_scope (Client_id, scopes_id) VALUES (6 , 513)
INSERT client_scope (Client_id, scopes_id) VALUES (6 , 515)
INSERT client_scope (Client_id, scopes_id) VALUES (6 , 517)
INSERT client_scope (Client_id, scopes_id) VALUES (6 , 519)
INSERT client_scope (Client_id, scopes_id) VALUES (6 , 521)
INSERT client_scope (Client_id, scopes_id) VALUES (6 , 523)
INSERT client_scope (Client_id, scopes_id) VALUES (6 , 525)
INSERT client_scope (Client_id, scopes_id) VALUES (6 , 527)
INSERT client_scope (Client_id, scopes_id) VALUES (6 , 502)
INSERT client_scope (Client_id, scopes_id) VALUES (6 , 504)
INSERT client_scope (Client_id, scopes_id) VALUES (6 , 506)
INSERT client_scope (Client_id, scopes_id) VALUES (6 , 508)
INSERT client_scope (Client_id, scopes_id) VALUES (6 , 510)
INSERT client_scope (Client_id, scopes_id) VALUES (6 , 512)
INSERT client_scope (Client_id, scopes_id) VALUES (6 , 514)
INSERT client_scope (Client_id, scopes_id) VALUES (6 , 516)
INSERT client_scope (Client_id, scopes_id) VALUES (6 , 518)
INSERT client_scope (Client_id, scopes_id) VALUES (6 , 520)
INSERT client_scope (Client_id, scopes_id) VALUES (6 , 522)
INSERT client_scope (Client_id, scopes_id) VALUES (6 , 524)
INSERT client_scope (Client_id, scopes_id) VALUES (6 , 526)
INSERT client_scope (Client_id, scopes_id) VALUES (6 , 528)
INSERT client_scope (Client_id, scopes_id) VALUES (6 , 530)
INSERT client_scope (Client_id, scopes_id) VALUES (6 , 532)
INSERT client_scope (Client_id, scopes_id) VALUES (6 , 534)
INSERT client_scope (Client_id, scopes_id) VALUES (6 , 536)
INSERT client_scope (Client_id, scopes_id) VALUES (6 , 501)
INSERT client_scope (Client_id, scopes_id) VALUES (6 , 503)
INSERT client_scope (Client_id, scopes_id) VALUES (6 , 505)
INSERT client_scope (Client_id, scopes_id) VALUES (6 , 501)
INSERT client_scope (Client_id, scopes_id) VALUES (6 , 503)
INSERT client_scope (Client_id, scopes_id) VALUES (6 , 505)
INSERT client_scope (Client_id, scopes_id) VALUES (3 , 2)
INSERT client_scope (Client_id, scopes_id) VALUES (3 , 20)
INSERT client_scope (Client_id, scopes_id) VALUES (3 , 21)
INSERT client_scope (Client_id, scopes_id) VALUES (3 , 501)
INSERT client_scope (Client_id, scopes_id) VALUES (3 , 502)
INSERT client_scope (Client_id, scopes_id) VALUES (3 , 503)
INSERT client_scope (Client_id, scopes_id) VALUES (3 , 504)
INSERT client_scope (Client_id, scopes_id) VALUES (3 , 505)
INSERT client_scope (Client_id, scopes_id) VALUES (3 , 506)
INSERT client_scope (Client_id, scopes_id) VALUES (3 , 507)
INSERT client_scope (Client_id, scopes_id) VALUES (3 , 508)
INSERT client_scope (Client_id, scopes_id) VALUES (3 , 509)
INSERT client_scope (Client_id, scopes_id) VALUES (3 , 510)
INSERT client_scope (Client_id, scopes_id) VALUES (3 , 511)
INSERT client_scope (Client_id, scopes_id) VALUES (3 , 512)
INSERT client_scope (Client_id, scopes_id) VALUES (3 , 513)
INSERT client_scope (Client_id, scopes_id) VALUES (3 , 514)
INSERT client_scope (Client_id, scopes_id) VALUES (3 , 515)
INSERT client_scope (Client_id, scopes_id) VALUES (3 , 516)
INSERT client_scope (Client_id, scopes_id) VALUES (3 , 517)
INSERT client_scope (Client_id, scopes_id) VALUES (3 , 518)
INSERT client_scope (Client_id, scopes_id) VALUES (3 , 519)
INSERT client_scope (Client_id, scopes_id) VALUES (3 , 520)
INSERT client_scope (Client_id, scopes_id) VALUES (3 , 521)
INSERT client_scope (Client_id, scopes_id) VALUES (3 , 522)
INSERT client_scope (Client_id, scopes_id) VALUES (3 , 523)
INSERT client_scope (Client_id, scopes_id) VALUES (3 , 524)
INSERT client_scope (Client_id, scopes_id) VALUES (3 , 525)
INSERT client_scope (Client_id, scopes_id) VALUES (3 , 526)
INSERT client_scope (Client_id, scopes_id) VALUES (3 , 527)
INSERT client_scope (Client_id, scopes_id) VALUES (3 , 528)
INSERT client_scope (Client_id, scopes_id) VALUES (3 , 529)
INSERT client_scope (Client_id, scopes_id) VALUES (3 , 530)
INSERT client_scope (Client_id, scopes_id) VALUES (3 , 531)
INSERT client_scope (Client_id, scopes_id) VALUES (3 , 532)
INSERT client_scope (Client_id, scopes_id) VALUES (3 , 533)
INSERT client_scope (Client_id, scopes_id) VALUES (3 , 534)
INSERT client_scope (Client_id, scopes_id) VALUES (3 , 535)
INSERT client_scope (Client_id, scopes_id) VALUES (3 , 536)
INSERT client_scope (Client_id, scopes_id) VALUES (3 , 537)
INSERT client_scope (Client_id, scopes_id) VALUES (3 , 538)
INSERT client_scope (Client_id, scopes_id) VALUES (3 , 539)
INSERT client_scope (Client_id, scopes_id) VALUES (3 , 540)
INSERT client_scope (Client_id, scopes_id) VALUES (3 , 541)
INSERT client_scope (Client_id, scopes_id) VALUES (3 , 542)
INSERT client_scope (Client_id, scopes_id) VALUES (3 , 543)
INSERT client_scope (Client_id, scopes_id) VALUES (3 , 544)
INSERT client_scope (Client_id, scopes_id) VALUES (3 , 545)
INSERT client_scope (Client_id, scopes_id) VALUES (3 , 546)
INSERT client_scope (Client_id, scopes_id) VALUES (3 , 547)
INSERT client_scope (Client_id, scopes_id) VALUES (3 , 548)
INSERT client_scope (Client_id, scopes_id) VALUES (3 , 549)
INSERT client_scope (Client_id, scopes_id) VALUES (3 , 550)
INSERT client_scope (Client_id, scopes_id) VALUES (3 , 551)
INSERT client_scope (Client_id, scopes_id) VALUES (3 , 552)
INSERT client_scope (Client_id, scopes_id) VALUES (3 , 553)
INSERT client_scope (Client_id, scopes_id) VALUES (3 , 554)
INSERT client_scope (Client_id, scopes_id) VALUES (3 , 555)
INSERT client_scope (Client_id, scopes_id) VALUES (3 , 556)
INSERT client_scope (Client_id, scopes_id) VALUES (3 , 557)

INSERT client_scope (Client_id, scopes_id) VALUES (3 , 558)
INSERT client_scope (Client_id, scopes_id) VALUES (3 , 559)
INSERT client_scope (Client_id, scopes_id) VALUES (3 , 560)
INSERT client_scope (Client_id, scopes_id) VALUES (3 , 561)
INSERT client_scope (Client_id, scopes_id) VALUES (3 , 562)
INSERT client_scope (Client_id, scopes_id) VALUES (3 , 563)
INSERT client_scope (Client_id, scopes_id) VALUES (3 , 564)
INSERT client_scope (Client_id, scopes_id) VALUES (3 , 565)
INSERT client_scope (Client_id, scopes_id) VALUES (3 , 566)
INSERT client_scope (Client_id, scopes_id) VALUES (3 , 567)
INSERT client_scope (Client_id, scopes_id) VALUES (3 , 568)
INSERT client_scope (Client_id, scopes_id) VALUES (3 , 569)
INSERT client_scope (Client_id, scopes_id) VALUES (1 , 1)
INSERT client_scope (Client_id, scopes_id) VALUES (4 , 20)
INSERT client_scope (Client_id, scopes_id) VALUES (4 , 570)
INSERT client_scope (Client_id, scopes_id) VALUES (4 , 563)
INSERT client_scope (Client_id, scopes_id) VALUES (4 , 561)
INSERT client_scope (Client_id, scopes_id) VALUES (4 , 559)
INSERT client_scope (Client_id, scopes_id) VALUES (4 , 545)
INSERT client_scope (Client_id, scopes_id) VALUES (4 , 571)
INSERT client_scope (Client_id, scopes_id) VALUES (4 , 572)
INSERT client_scope (Client_id, scopes_id) VALUES (4 , 539)
INSERT client_scope (Client_id, scopes_id) VALUES (4 , 537)
INSERT client_scope (Client_id, scopes_id) VALUES (4 , 535)
INSERT client_scope (Client_id, scopes_id) VALUES (4 , 529)
INSERT client_scope (Client_id, scopes_id) VALUES (4 , 573)
INSERT client_scope (Client_id, scopes_id) VALUES (4 , 21)
INSERT client_scope (Client_id, scopes_id) VALUES (4 , 517)
INSERT client_scope (Client_id, scopes_id) VALUES (4 , 515)
INSERT client_scope (Client_id, scopes_id) VALUES (4 , 511)
INSERT client_scope (Client_id, scopes_id) VALUES (4 , 509)
INSERT client_scope (Client_id, scopes_id) VALUES (4 , 507)
INSERT client_scope (Client_id, scopes_id) VALUES (4 , 505)
INSERT client_scope (Client_id, scopes_id) VALUES (4 , 505)
INSERT client_scope (Client_id, scopes_id) VALUES (4 , 501)
INSERT client_scope (Client_id, scopes_id) VALUES (4 , 501)
INSERT client_scope (Client_id, scopes_id) VALUES (4 , 20)

INSERT configuration (name, value) VALUES ('loginFormUrl', '/oauth2/login.html')
INSERT configuration (name, value) VALUES ('MiMundoAPI', '3kVfBA==')
INSERT configuration (name, value) VALUES ('MiMundoWEB', 'TbEXNw==')
INSERT configuration (name, value) VALUES ('WebMailUrl', 'http://asusisv-hajbdes1.sis.personal.net.py/webmail/webmail.aspx')
